global_step,episode_num,episode_reward,episode_length,success_rate,avg_reward_100,policy_loss,value_loss,entropy,learning_rate,fps,eta_seconds,ee_x,ee_y,ee_z,cube_x,cube_y,cube_z,ee_to_cube_dist,cube_to_goal_dist,is_grasped,timestamp
5008,35,35.04483,24,0.6571428571428571,15.592208685714283,,,,,3617.8693403496154,551.4273215315212,0.14236885812191946,-0.18262265661791494,0.8018342988810626,0.03157423262384621,-0.05515915735361894,0.7928993283567984,0.16912192756182434,0.24177044596524494,False,2026-08-07T15:03:41.952597+00:00
10016,51,35.359616,23,0.5490196078431373,-48.88532837254902,-0.010500897459860426,33.626433284580706,1.547821568697691,0.0003,636.5225956538858,3126.336776710547,0.1404693005288041,-0.23912217429115853,0.8008657644517295,0.14365269898611321,-0.15874051107834053,0.802738778820803,0.08046647742646408,0.10257055302139256,False,2026-08-07T15:03:49.820351+00:00
15024,87,35.322229,23,0.6091954022988506,-37.52832952873563,-0.010500897459860426,33.626433284580706,1.547821568697691,0.0003,4687.173175317061,423.49107356498035,0.1431011757586675,-0.009532763900888868,0.8002156805314868,0.17787040876469337,-0.0779470657549958,0.8029079639137556,0.07678974314205393,0.18292791579371656,False,2026-08-07T15:03:50.888813+00:00
20032,126,34.969476,25,0.58,-51.61111038,-0.00993065375405422,21.12265287414193,1.5635693904012442,0.0003,637.0945567810597,3107.8086901320435,0.1644376928996968,-0.22965780568004154,0.8016461084136898,0.13714774047910272,-0.20256432635670024,0.8176704553018057,0.041660266659651654,0.06181490412570483,False,2026-08-07T15:03:58.749483+00:00
25040,174,34.022076,27,0.63,-24.803438490000005,-0.006023072993411915,19.862204615958035,1.580320646148175,0.0003,650.847390136002,3034.444064663622,-0.1090177359097402,-0.24742258214633084,0.8556501941264477,0.2602049788728057,-0.17457403995863585,0.7928892845645704,0.38153801249587144,0.13167624098480402,False,2026-08-07T15:04:06.444040+00:00
30048,198,35.265674,23,0.58,-34.22762511999999,-0.006023072993411915,19.862204615958035,1.580320646148175,0.0003,4691.16046726964,419.9285046300187,-0.08608865953689034,-0.17329532980436457,0.9000112265159885,0.26020498134493303,-0.17457403989755496,0.7928892845645704,0.3624859049151217,0.1316762429057076,False,2026-08-07T15:04:07.511587+00:00
35056,257,-13.302491,11,0.53,-34.58812411,0.001951571665267693,15.563968970999122,1.5971237324178218,0.0003,625.2900959787872,3142.451819781678,0.16146646754429506,-0.35790248212067016,0.8132546743720133,0.13911755262249967,-0.31517517134194784,0.8073004168097034,0.04858549441635326,0.05899471282316214,False,2026-08-07T15:04:15.520671+00:00
40064,282,35.51229,23,0.51,-39.53599578,0.001951571665267693,15.563968970999122,1.5971237324178218,0.0003,4273.020407897563,458.67695749301123,0.1766220937533279,0.09845611086579503,0.8069969000803607,0.144055180598004,0.1266967667163154,0.8029047009827729,0.04329993728388343,0.38702535660420845,False,2026-08-07T15:04:16.692700+00:00
45072,326,35.233548,23,0.58,-36.1774566,-0.00340047994395718,20.017324677482247,1.6230831942521036,0.0003,653.2421073674315,2992.654603785981,0.17807623519706461,0.10289500580767832,0.8068634787244955,0.14389874617547807,0.12669218186190345,0.8029047009827741,0.041833936764124925,0.3870272521255333,False,2026-08-07T15:04:24.359044+00:00
50080,350,35.101871,23,0.54,-38.847328880000006,-0.002652792759181466,12.988627030327915,1.6108954977244139,0.0003,644.4888355476506,3025.529524251676,0.1760394227372901,0.0965925451611195,0.8070008352960074,0.17773227053216742,0.04257233785903184,0.8028935008317153,0.05420257122147165,0.30309149287914056,False,2026-08-07T15:04:32.129549+00:00
55088,408,35.218941,23,0.61,-34.45418225000001,-0.002652792759181466,12.988627030327915,1.6108954977244139,0.0003,4088.916424830001,475.6546228701314,0.17537879385585203,0.09506910747723066,0.8070687231611561,0.1777322685776275,0.042572336325946994,0.8028935008317153,0.052715105103533146,0.30309149123433193,False,2026-08-07T15:04:33.354348+00:00
60096,433,34.942054,24,0.61,-31.638908410000003,-0.0026110390124813422,16.176718847919254,1.603481334168464,0.0003,663.8621505321767,2922.1488202707455,0.1756859095799562,0.0969005445635924,0.8068264867183446,0.18415119231642296,0.12464096445294223,0.8268811145987716,0.035261593935444244,0.38539843230816917,False,2026-08-07T15:04:40.898057+00:00
65104,465,35.582472,22,0.57,-35.54569631,-0.0026110390124813422,16.176718847919254,1.603481334168464,0.0003,4805.400704942122,402.65029261972956,0.17824627790459596,0.10346079962882787,0.8068425272574132,0.18652346126389185,0.12698853804151994,0.8301422979012859,0.03413129870421783,0.387896407012143,False,2026-08-07T15:04:41.940237+00:00
70112,495,-14.178332,12,0.56,-30.30112962999999,-0.0009599043223715853,10.65382982925512,1.5990018919110298,0.0003,632.6884722580868,3050.297396935594,0.178219185060702,0.10335223067693519,0.8068543534137393,0.143946091399196,0.126432013999786,0.8029033292335185,0.041508215324593215,0.38676534155130005,False,2026-08-07T15:04:49.855650+00:00
75120,517,35.372745,23,0.5,-57.851122419999996,-0.014718052879834432,6.833677491638809,1.5928765469230712,0.0003,639.4484059966989,3010.2194046440977,0.1776820330301202,0.10164800076796238,0.8068971520998164,0.14394609301427203,0.12643201211360233,0.8029033292335185,0.04205129591607232,0.38676533959970316,False,2026-08-07T15:04:57.687409+00:00
80128,558,-5.297001,39,0.47,-53.690558890000005,-0.014718052879834432,6.833677491638809,1.5928765469230712,0.0003,4721.931790863561,406.58613572410115,0.14344106817297714,-0.01348438645270087,0.8000627923302123,0.16614455307143478,-0.08075797366183818,0.802884974806964,0.07105736046640054,0.179347315391834,False,2026-08-07T15:04:58.747980+00:00
85136,585,-6.629685,41,0.47,-53.53703353999998,0.008147270623157964,8.620381990354508,1.5829284914769233,0.0003,648.0419494069381,2954.845749958635,0.1430809408259502,-0.010916233172462993,0.8003082394707337,0.1661445549560075,-0.08075797528079216,0.802884974806964,0.07359645917066605,0.17934731383839714,False,2026-08-07T15:05:06.475888+00:00
90144,628,35.633341,22,0.55,-34.971965729999994,0.0031330672332842368,15.249761128984392,1.5929502361454069,0.0003,662.1716837855015,2884.230852460709,0.17694432346623595,0.10073255797971938,0.8066782727056286,0.1869214823410716,0.1258423056088127,0.8288911977246743,0.03497795252887476,0.3867803653353736,False,2026-08-07T15:05:14.038876+00:00
95152,681,31.639669,29,0.58,-30.185287250000002,0.0031330672332842368,15.249761128984392,1.5929502361454069,0.0003,4656.751607909333,409.05080630984935,0.17753379363162644,0.10121839601494662,0.8068995797127125,0.18713578754373655,0.12549649103917032,0.8288417411036733,0.03410399729651061,0.3864503791809913,False,2026-08-07T15:05:15.114313+00:00
100160,734,35.313726,23,0.57,-23.819427680000004,-1.3290248170960695e-05,9.19131475193426,1.6046716296114028,0.0003,631.2383416506441,3009.703109972774,0.17602305523150097,0.09666491652915657,0.8069877924331593,0.1836930416257318,0.12519920037705787,0.8259496035817311,0.035108180357779684,0.3859271747267915,False,2026-08-07T15:05:23.047924+00:00
105168,797,35.299154,23,0.66,-5.95731789,-1.3290248170960695e-05,9.19131475193426,1.6046716296114028,0.0003,3947.9133706264633,479.9578466179272,0.1779384995375836,0.10251596496003706,0.8068514645480936,0.18417503434243854,0.1270740774889976,0.8293619908826907,0.03389275812349657,0.3878282786871228,False,2026-08-07T15:05:24.316434+00:00
110176,852,32.964802,32,0.67,-4.650275879999999,-0.00027826817240566014,13.090234311204403,1.6256342135369777,0.0003,653.1142473266641,2893.558068493304,0.16123728012118238,-0.2266095920557156,0.8015982609589718,0.14385949491150274,-0.15777651943948748,0.8027763605470616,0.07100258603194781,0.10348988299547589,False,2026-08-07T15:05:31.984326+00:00
115184,922,35.042492,23,0.64,-4.443632299999999,-0.007838636415181099,6.882752613630146,1.6267658893950283,0.0003,656.5847869421956,2870.6361120211814,0.0635272536790679,-0.16421638247117923,0.8816682625394698,0.2330626207747878,-0.23657215520704547,0.7928789387951266,0.20459995736916128,0.07672685622468327,False,2026-08-07T15:05:39.611692+00:00
120192,959,-240.497179,600,0.56,-13.705233979999997,-0.007838636415181099,6.882752613630146,1.6267658893950283,0.0003,4129.100003282824,455.2585305527757,-0.11215027322240588,-0.18854937635552543,0.9554844056265728,0.2330626225293354,-0.23657215346306343,0.7928789387951266,0.3846019609387027,0.07672685842794817,False,2026-08-07T15:05:40.824529+00:00
125200,992,-169.646108,600,0.52,-25.392273779999996,0.0012222177982039284,9.751888925023376,1.63634325992316,0.0003,653.081960174174,2870.6963510368582,0.17634008716215144,0.09753364111357123,0.8070514252229797,0.14414365714284172,0.12662213567841027,0.8029078472396645,0.04358807016307092,0.3869471532462009,False,2026-08-07T15:05:48.492782+00:00
130208,1050,-14.833141,20,0.55,-30.06772512,0.0012222177982039284,9.751888925023376,1.63634325992316,0.0003,4546.733989405639,411.2384855495855,0.17720752355933495,0.10131332049502424,0.8067799032185687,0.14399357817991126,0.12657856671930218,0.8029078472396638,0.041910519585713846,0.38690980058177976,False,2026-08-07T15:05:49.594258+00:00
135216,1090,35.202653,23,0.6,-14.382194129999998,-0.005283778105149395,12.864408958377316,1.6479080489836633,0.0003,632.0723867013885,2950.269683084549,0.17694486869961756,0.10002470151046561,0.8066946531724164,0.1883745995653543,0.12841228012917572,0.8035086034157964,0.030767584899505523,0.38944732282510236,False,2026-08-07T15:05:57.517392+00:00
140224,1142,35.643183,23,0.59,-22.08388156,0.0018763995150948177,9.279670674307273,1.6516858585178853,0.0003,649.6682677223803,2862.654823083847,0.1768609542421566,0.09975411637928609,0.8067124171396189,0.1883351126722847,0.12837439635381095,0.8034834710920535,0.03100327128026907,0.38940666449527817,False,2026-08-07T15:06:05.225931+00:00
145232,1184,35.515151,24,0.67,-16.111217899999996,0.0018763995150948177,9.279670674307273,1.6516858585178853,0.0003,4695.516648515055,395.0082895748151,0.09219133543584382,-0.19961919326989214,0.842850353926029,0.17567685885700904,0.04159831620133936,0.802892833629218,0.2583647091316452,0.30200547716739456,False,2026-08-07T15:06:06.292488+00:00
150240,1224,35.480015,22,0.63,-12.602995289999999,-0.003450410217192257,6.790827169688418,1.6629411130212248,0.0003,638.5433114595911,2896.8434353682183,0.17685197083954585,0.09972295920638574,0.8067152399439337,0.18832746428493025,0.12837076770312145,0.8035074533100717,0.031026984651575256,0.38940248899965435,False,2026-08-07T15:06:14.135323+00:00
155248,1246,35.691854,23,0.61,-29.88476747,-0.003450410217192257,6.790827169688418,1.6629411130212248,0.0003,4129.168185800705,446.76116762298363,0.16600684316147457,-0.21589653726414412,0.8010215599223026,0.14559967078200103,-0.20034116123077206,0.8168703172191474,0.030159667039266924,0.06137219667634108,True,2026-08-07T15:06:15.348202+00:00
160256,1308,-145.790749,600,0.59,-29.76475002,-0.0056003934449108785,5.318984580179676,1.6698955936357378,0.0003,657.4040706578709,2798.498035095751,0.1780736768118178,0.10290971298950097,0.8068468543262879,0.18818524363344302,0.12615754247651434,0.8299859905481553,0.034323825319150764,0.3871847822037658,False,2026-08-07T15:06:22.966020+00:00
165264,1362,-10.426601,14,0.63,-12.76038061,0.0009771925608220045,2.360374076734297,1.6689841009676456,0.0003,655.3914085339553,2799.4507955240365,0.17808450131769482,0.10294361195890142,0.8068448567763102,0.18765062071735683,0.1260843448073438,0.8298337615417801,0.03399255653003189,0.3870732206332169,False,2026-08-07T15:06:30.607236+00:00
170272,1397,-157.985416,600,0.63,-19.82798567,0.0009771925608220045,2.360374076734297,1.6689841009676456,0.0003,4134.809963193334,442.5180398343851,0.14467777964333003,0.02743939321660433,0.8014428979166468,0.17007828354153498,-0.023275950221609023,0.802880865075832,0.05673887034379121,0.23693848894307085,False,2026-08-07T15:06:31.818418+00:00
175280,1431,35.213772,23,0.65,-20.64626141,-0.004981755449989578,7.61665423506638,1.6754080267623066,0.0003,634.8509617315735,2874.249406542641,0.1443319536966627,0.027331393392643427,0.8014682878438353,0.17007828591287183,-0.023275949480642853,0.802880865075832,0.05679764211407127,0.2369384897842323,False,2026-08-07T15:06:39.706884+00:00
180288,1488,35.483353,22,0.62,-27.960103550000003,-0.001025244237825973,2.8461428435635754,1.6589507970958948,0.0003,653.7074160999615,2783.679602193375,0.14458598683242274,0.009504392637418573,0.8000257968101789,0.17994134694849095,-0.06693746407870353,0.8028927318138439,0.08427086248200055,0.19408967024157153,False,2026-08-07T15:06:47.367802+00:00
185296,1519,-163.094861,600,0.58,-26.56524735,-0.001025244237825973,2.8461428435635754,1.6589507970958948,0.0003,4114.824134156308,441.01617489226714,0.14389854023195314,-0.012395858588571219,0.8000204269193476,0.17994134471124826,-0.06693746300088985,0.8028927318138439,0.06543791333783114,0.19408967108382047,False,2026-08-07T15:06:48.584867+00:00
190304,1549,-14.466192,13,0.53,-35.91385504000001,0.0039376726210321065,2.2479590971721337,1.612457293085754,0.0003,630.7999699091012,2868.8904348882243,0.08521963904327005,-0.23912070803586472,0.8129275475278139,0.14612277959867345,0.032126874861119495,0.8028904597137482,0.2781819312765565,0.2924563014574847,False,2026-08-07T15:06:56.524006+00:00
195312,1589,-194.474536,600,0.57,-35.445184610000005,0.0039376726210321065,2.2479590971721337,1.612457293085754,0.0003,4857.3216104374815,371.53973830393704,0.17573340829868792,0.09673974137672332,0.8068171231666291,0.18672922547160606,0.12418689058456933,0.8268934201407775,0.03573949768998163,0.3851155909481617,False,2026-08-07T15:06:57.555044+00:00
200320,1626,-17.734178,30,0.59,-28.985149810000003,-0.006766422764849267,3.573445633938536,1.6278729970566927,0.0003,245.62091135009683,7327.06344141366,0.16694564541289414,-0.2086701306829753,0.8006362134066438,0.1505227983483726,-0.197687641742127,0.816771466279183,0.025508260511083496,0.06302894051785358,False,2026-08-07T15:07:17.944168+00:00
205328,1661,35.209424,23,0.6,-26.074657069999997,-0.00395100340792851,3.268094872997608,1.6127960773184895,0.0003,639.7547015255651,2805.250193113717,0.17662450936761534,0.09938066770136031,0.8067380527975806,0.18828012203689692,0.12828090159614947,0.8034404842092754,0.03133609395672049,0.3893094191600564,False,2026-08-07T15:07:25.772162+00:00
210336,1700,35.602867,23,0.49,-30.245331640000007,-0.00395100340792851,3.268094872997608,1.6127960773184895,0.0003,4529.773137343615,395.0891017578661,0.1763555938206027,0.09883941478385007,0.8067706378578888,0.18819140336899864,0.12817349424823146,0.8033673459262209,0.03181441499793291,0.3891958592544316,False,2026-08-07T15:07:26.877736+00:00
215344,1753,-123.327044,202,0.54,-22.387085989999996,0.00399080530332867,3.123900678206701,1.6024346135556697,0.0003,652.7904238765619,2733.888143459448,0.18213092188423718,-0.07841183424589339,0.8088747657204747,0.15547118537451762,-0.059720569136167155,0.8021898315770077,0.033238430869585785,0.20033062818513994,True,2026-08-07T15:07:34.549418+00:00
220352,1801,-13.179347,11,0.54,-18.415155869999996,0.00399080530332867,3.123900678206701,1.6024346135556697,0.0003,4179.037329086335,425.8511852989562,0.17742438558415183,0.10086175676778018,0.8069312843034201,0.13601206883013925,0.0998848588131348,0.8028812995423531,0.04162134891030486,0.3606834241336299,False,2026-08-07T15:07:35.747782+00:00
225360,1843,35.130099,23,0.58,-21.729141040000005,0.0006596779287065147,4.3519336640136315,1.6218277017585934,0.0003,645.2247343729304,2750.4215282830187,0.17821469194966572,0.10333939920935037,0.8068495905123076,0.14544243543568303,0.12165296205482387,0.8029081084009786,0.03774841271295146,0.3819304990849318,False,2026-08-07T15:07:43.509433+00:00
230368,1892,32.654759,27,0.61,-19.30609124,0.009556310510015464,2.3803315303404817,1.6422846045345068,0.0003,652.5455674170381,2711.8903082963375,0.1767774106275897,0.09889477642035151,0.8070097621817852,0.14496478082705205,0.1216347130956664,0.802907895221501,0.03931886884669062,0.3819307686678179,False,2026-08-07T15:07:51.183980+00:00
235376,1930,-13.109059,11,0.61,-23.518333659999993,0.009556310510015464,2.3803315303404817,1.6422846045345068,0.0003,4163.877265072815,423.7934712441966,0.17696685002018847,0.10009757530178118,0.8066873685489757,0.18838240853418692,0.12842233341059373,0.8035357300450029,0.030700809816175675,0.3894579184024019,False,2026-08-07T15:07:52.386708+00:00
240384,1985,35.492886,22,0.63,-13.94533442,0.004292050219373777,1.2508166400133631,1.6903783587738872,0.0003,651.5082566476249,2700.834535933912,0.1768485303455652,0.09971250020487357,0.8067157032334411,0.1883265049030638,0.12837003701979346,0.8034931715290793,0.031038412118320282,0.3894016904621486,False,2026-08-07T15:08:00.073485+00:00
245392,2045,-235.760883,600,0.64,-4.066455759999999,0.004292050219373777,1.2508166400133631,1.6903783587738872,0.0003,4523.32923432076,387.9018990452678,0.14380711186020687,-0.24651979082357384,0.8014926165262064,0.1430895430035293,-0.1607771400791312,0.8028943136680016,0.08575710942321262,0.10065356171892698,False,2026-08-07T15:08:01.180646+00:00
250400,2099,35.39357,22,0.61,-8.343091900000001,-0.0010402480234915855,3.713428819121327,1.7026093229651451,0.0003,637.7950264309763,2743.2010716523605,0.17676563576989426,0.10037928823679715,0.8066918908189348,0.18666915611681464,0.03952040637278354,0.8028912639528346,0.0617764354877744,0.3007053669652413,False,2026-08-07T15:08:09.032704+00:00
255408,2115,-13.079515,11,0.58,-16.63424242,-0.00019864961795974524,5.80098893790273,1.7003526289016009,0.0003,649.5193274683332,2685.9739598511887,0.14548355680881192,-0.295169294236093,0.8049845637021256,0.14914639607059987,-0.3628343555381027,0.8028814775364695,0.06779675422822691,0.10340553852281419,False,2026-08-07T15:08:16.743007+00:00
260416,2163,15.569224,23,0.54,-29.984716170000006,-0.00019864961795974524,5.80098893790273,1.7003526289016009,0.0003,4721.59213905461,368.4316537235492,0.08265181951902337,-0.2673309156190959,0.7899169780934296,0.1390662829082777,0.09879781553387156,0.8028812462340639,0.37067628964313554,0.35940797562540877,False,2026-08-07T15:08:17.803675+00:00
265424,2186,-299.011435,600,0.53,-35.551293320000006,0.005863819943988347,5.445378750120289,1.6898533780127765,0.0003,642.239822231827,2700.8228701425437,0.17812165552462972,0.10309046217681403,0.8069500466168065,0.13478622271990987,0.10497813183474525,0.8028815119005664,0.04356691414189344,0.3658480166439483,False,2026-08-07T15:08:25.601384+00:00
270432,2235,-13.489173,12,0.6,-28.908291990000002,-0.0010513154531508917,5.857276002573781,1.6837419879622757,0.0003,640.5212666486531,2700.2507021343363,0.15167683906512908,-0.3555636412076969,0.8122187520876429,0.13028354800167638,-0.38165252057546284,0.8379905776646693,0.04245573604077687,0.1252294026246715,False,2026-08-07T15:08:33.420010+00:00
275440,2254,24.114522,21,0.61,-25.94978199,-0.0010513154531508917,5.857276002573781,1.6837419879622757,0.0003,5067.02156968318,340.349843844819,-0.0166811007766568,-0.15844095435757383,0.8640788872525953,0.1282157946741857,-0.3827857813727141,0.8379448900054878,0.26834436370428466,0.1268328972132288,False,2026-08-07T15:08:34.408367+00:00
280448,2289,35.182197,23,0.61,-42.150671120000005,-0.0028006987475237112,7.048206184571609,1.6775344609282912,0.0003,652.5222959446062,2635.2386894469823,0.17517191556650416,0.09370097189301425,0.8077519443806946,0.18409876023339786,0.11782933972888279,0.8002124040317307,0.026808792565191735,0.3785970948181593,False,2026-08-07T15:08:42.083197+00:00
285456,2332,35.522249,22,0.69,-22.07799829,-0.0028006987475237112,7.048206184571609,1.6775344609282912,0.0003,4216.01970051413,406.67362151816246,0.1780109946799021,0.10270809788196521,0.8068483733532906,0.18770255002397146,0.1259747458657206,0.8296511059795064,0.033988641758826356,0.38696761585943884,False,2026-08-07T15:08:43.271072+00:00
290464,2378,24.156906,21,0.63,-19.15693035,0.0014050881723960628,3.554152411990799,1.675749248545617,0.0003,644.4485573101423,2652.7113461707727,0.16665554571651195,-0.20094762432956367,0.7971851912408366,0.1599840429676452,-0.19569776322735763,0.808187487745746,0.01389678088272724,0.06430223875256477,True,2026-08-07T15:08:51.042039+00:00
295472,2419,35.365954,23,0.61,-20.5156204,0.01711723550761235,5.150538616487756,1.6853327362798154,0.0003,652.8877157707772,2610.75213827188,0.17730741175781486,0.10055255766045706,0.8069109039248349,0.18456500494640724,0.12702512749078507,0.828498226018628,0.03492108371018664,0.3878039308429912,False,2026-08-07T15:08:58.712572+00:00
300480,2462,35.472973,22,0.66,-20.8830917,0.01711723550761235,5.150538616487756,1.6853327362798154,0.0003,4179.112991036575,406.670028698711,0.1778712763326469,0.1022561722245643,0.8068627533833872,0.18484621870699033,0.12760222249927103,0.829357992894709,0.03459924690401667,0.3883977567782929,False,2026-08-07T15:08:59.910918+00:00
305488,2504,35.159552,23,0.7,-23.01408742,0.005391538969706744,4.384535130020231,1.7108633928000927,0.0003,645.5777979805058,2624.799064188339,0.170660533472548,-0.14824095206295587,0.8345455788781718,0.17254334633668525,-0.1483508040519065,0.8450153481776648,0.010638285619658938,0.11235158429313676,True,2026-08-07T15:09:07.668306+00:00
310496,2533,-13.61727,12,0.68,-25.412958240000002,0.005391538969706744,4.384535130020231,1.7108633928000927,0.0003,5032.515235733152,335.7176125377131,0.1764590799766641,0.09899700394387492,0.8066849200170291,0.18709681184134397,0.12481621016549921,0.827767477308011,0.03498952659106899,0.3857690407719402,False,2026-08-07T15:09:08.663435+00:00
315504,2566,-155.592826,600,0.69,-28.096206929999997,0.013144553405072656,2.4527701684855856,1.727486137021333,0.0003,645.5757940023963,2609.2923799955042,0.17684715757497713,0.0993863706164748,0.8068471764406796,0.18734291692597888,0.12500688303733246,0.8280565984445575,0.03487708707446826,0.385976599150963,False,2026-08-07T15:09:16.420860+00:00
320512,2622,35.004015,23,0.74,-19.88238786,0.0021690483390557347,2.4881944776512683,1.7371026420034468,0.0003,641.6781717836488,2617.336967114823,0.17051730791895983,-0.20287890259266858,0.7969600249915652,0.1678507195355632,-0.199551633360856,0.8080262892353304,0.011859326222862298,0.06095604011553288,True,2026-08-07T15:09:24.225390+00:00
325520,2670,19.720285,23,0.82,-5.11936177,0.0021690483390557347,2.4881944776512683,1.7371026420034468,0.0003,5116.819070113693,327.2501874807924,0.14546148367346085,0.041709130412931825,0.80215157673491,0.1354695314995682,-0.02352168904144435,0.8029056520909185,0.06599596612352392,0.23774720910803981,False,2026-08-07T15:09:25.204140+00:00
330528,2705,20.187252,21,0.79,-7.0816283,0.00014255207788664847,2.5301199296605774,1.7195710374973714,0.0003,652.3996413662707,2558.971363785168,0.14523790394103284,0.03753157171605391,0.8021644768296826,0.13546953132344522,-0.023521691519348978,0.8029056520909185,0.061834225118904025,0.2377472066615324,False,2026-08-07T15:09:32.880400+00:00
335536,2753,35.083833,23,0.77,-3.4901436599999998,0.00014255207788664847,2.5301199296605774,1.7195710374973714,0.0003,4167.181539480954,399.42200363253636,0.14379668493495493,-0.024726199647092974,0.8008168097176702,0.14174858558109346,-0.07331314798004433,0.8028781800958125,0.04867376610770996,0.187576903816572,False,2026-08-07T15:09:34.082172+00:00
340544,2803,24.13075,21,0.78,-4.926978230000001,0.0019007877654075855,3.51153401969932,1.6996000084094702,0.0003,652.0736312540251,2544.8905161348775,0.14343390246360943,-0.01624283088920842,0.800217430399037,0.14174858458156658,-0.07331315025571282,0.8028781800958125,0.05715716261246032,0.18757690164895646,False,2026-08-07T15:09:41.762289+00:00
345552,2854,35.464021,23,0.76,-7.847853479999999,0.0011155420954310103,2.366147177654784,1.711294150725007,0.0003,643.5972103798304,2570.6264311238983,0.09219133543584382,-0.19961919326989214,0.842850353926029,0.13572726062984095,0.06582645059306445,0.8028816931493337,0.2719453262562154,0.32672930964730784,False,2026-08-07T15:09:49.543557+00:00
350560,2888,34.921671,24,0.77,-8.27700111,0.0011155420954310103,2.366147177654784,1.711294150725007,0.0003,4139.492099027415,398.46434309840583,0.17826962240559116,0.10351690577540074,0.8068458022573222,0.1360765844558796,0.10005894589963901,0.8028816931554199,0.04251969071971198,0.3608528430449951,False,2026-08-07T15:09:50.753370+00:00
355568,2919,-246.882462,600,0.72,-23.859187129999995,-0.010416773836914217,4.3248214401304725,1.7132259169593453,0.0003,651.9684062909932,2522.2571893553386,0.1612238639643627,-0.1308360535946074,0.835364859952057,0.16540514388009742,-0.13239397715307683,0.8452506373411832,0.010846143191711961,0.12772044725561382,True,2026-08-07T15:09:58.434733+00:00
360576,2970,34.830663,24,0.76,-25.14550235,-0.005636631819288596,4.433333614957519,1.727992423903197,0.0003,661.5888164326678,2478.010448906749,0.17752814460947622,0.10118051015972009,0.8069143511765422,0.13343005731929988,0.12567076166715618,0.8028793618334648,0.050603308790515236,0.3865849172678366,False,2026-08-07T15:10:06.004377+00:00
365584,2987,-150.895792,600,0.75,-25.79049674,-0.005636631819288596,4.433333614957519,1.727992423903197,0.0003,4572.545154294825,357.4411940940272,0.17066856513329298,-0.1483416998113248,0.8345434717631419,0.17246918475408562,-0.14837112670781852,0.8449994240406857,0.010609902685288605,0.11232313172678829,True,2026-08-07T15:10:07.099609+00:00
370592,3036,35.070908,23,0.74,-19.22515627,-0.004429738071121392,4.762616493657697,1.7409255553036929,0.0003,621.8559838749659,2620.2336911621946,0.14503572997944586,0.03825960324798908,0.8020056794810401,0.17410394079767363,-0.027939136261489493,0.8029022552822552,0.07230517160607572,0.23248906560328342,False,2026-08-07T15:10:15.152930+00:00
375600,3076,35.385987,23,0.76,-13.54511047,-0.004429738071121392,4.762616493657697,1.7409255553036929,0.0003,4530.044718424374,358.5836566675204,0.14486231312365813,0.03467769602232933,0.8019445600072426,0.1741039424568245,-0.027939134412803948,0.8029022552822552,0.06911481404185582,0.2324890675492164,False,2026-08-07T15:10:16.258430+00:00
380608,3119,19.397413,25,0.81,-8.032290639999998,0.008311158345532022,2.180265105003491,1.7309998366981745,0.0003,661.3567229970786,2448.5908189779652,0.1453064711062237,0.03520512425843039,0.8023991859152564,0.14790660584775742,-0.03307010075082825,0.8028813575779006,0.06832641905040308,0.22725190726451722,False,2026-08-07T15:10:23.830746+00:00
385616,3177,24.301375,21,0.81,-3.88718208,0.013077407283708454,3.7235209660837425,1.726825073454529,0.0003,627.5225370163791,2572.6311084789972,0.14584876466272542,0.031531468488135574,0.8016675891850122,0.14790660410834097,-0.03307010252535072,0.8028813575779006,0.06464573392193809,0.22725190558507366,False,2026-08-07T15:10:31.811336+00:00
390624,3197,34.878958,24,0.78,-17.301563220000002,0.013077407283708454,3.7235209660837425,1.726825073454529,0.0003,4224.881240527741,380.9281038628599,0.17021203823946537,0.08124442375875268,0.8067372685964064,0.15720587871200548,0.004068304020429467,0.8028844881747628,0.07835915747693525,0.26408308598241953,False,2026-08-07T15:10:32.996695+00:00
395632,3240,35.618189,23,0.81,-16.242278539999997,-0.04015588864931487,1.7731270862044766,1.67248587757349,0.0003,667.3308000586474,2404.156978606416,0.15918418310276736,0.06111868808237383,0.8040405065372176,0.15720587693640165,0.004068305757028906,0.8028844881747628,0.05709637639299224,0.26408308773770844,False,2026-08-07T15:10:40.501223+00:00
400640,3283,24.385123,20,0.77,-22.359307889999997,-0.04015588864931487,1.7731270862044766,1.67248587757349,0.0003,237.9308482181461,6721.953088376468,0.17838301161509088,0.1038745984325414,0.8068403361541423,0.13813753225542577,0.10768756674560465,0.8028824031090237,0.040618992727975124,0.36833695746583184,False,2026-08-07T15:11:01.549360+00:00
405648,3314,35.508912,22,0.79,-14.563303880000001,0.041536541166351526,4.087883831845829,1.6784602850675583,0.0003,667.8068706194505,2387.4447391071258,0.1765429439598038,0.09827749744936197,0.806967496331314,0.13809224066999307,0.107672218541069,0.802882403109153,0.03979202626790665,0.36832432746938276,False,2026-08-07T15:11:09.048552+00:00
410656,3371,33.133268,31,0.81,-7.85077404,0.01362298594249296,3.0396091784816237,1.707678506616503,0.0003,623.9386340037063,2547.276147658071,0.1784805086747723,0.10414879347244788,0.8068715846890467,0.14658887106884336,0.12197908438996204,0.802900043863586,0.03675280887115147,0.38221444149927386,False,2026-08-07T15:11:17.074962+00:00
415664,3388,35.118873,24,0.78,-16.498919670000003,0.01362298594249296,3.0396091784816237,1.707678506616503,0.0003,4828.183350331329,328.1432963583035,0.17798775766114908,0.10260640920264613,0.8068681509390339,0.1465489472932025,0.1219732301409282,0.8028994726402418,0.03713789113623025,0.3822099938034268,False,2026-08-07T15:11:18.112216+00:00
420672,3449,35.445389,23,0.8,-15.12224436,0.0025483366578555435,1.2055387960688677,1.705727486219257,0.0003,654.4190398658329,2413.328316859163,0.09216694048538066,-0.27109891676205267,0.7517792678927642,0.1476151543828873,0.08795890961754241,0.8308202356886675,0.37181245500786564,0.3481792457674477,False,2026-08-07T15:11:25.764794+00:00
425680,3473,-153.740739,600,0.74,-16.989171670000005,0.0025483366578555435,1.2055387960688677,1.705727486219257,0.0003,4268.709793793902,368.80464497465675,0.17779888970273702,0.10222083853814272,0.8068491137312934,0.1449777328577228,0.12162161045637139,0.8028946157627205,0.03833087974272964,0.38191716651311763,False,2026-08-07T15:11:26.937983+00:00
430688,3506,23.15892,20,0.74,-16.802486909999995,-0.00011565622153284494,2.83831383389188,1.6739093558862805,0.0003,658.6499618200737,2382.6191315087267,0.14572591951085764,-0.3209032126533854,0.8075218762025331,0.11586295795472418,-0.34708240392667317,0.8379172836920826,0.050010272195642504,0.09762900979808566,False,2026-08-07T15:11:34.541419+00:00
435696,3554,35.04273,24,0.72,-21.702400959999995,-0.0012534907298686448,4.2410376064712185,1.6417038088664413,0.0003,677.9752001714282,2307.317435216599,0.1457336683694968,-0.32198386845661203,0.8076388976220348,0.11604297055423655,-0.34708193173430046,0.8379165728980166,0.04927664697567958,0.09754733862219452,False,2026-08-07T15:11:41.928120+00:00
440704,3574,-166.569157,600,0.73,-28.101513499999996,-0.0012534907298686448,4.2410376064712185,1.6417038088664413,0.0003,4439.252710195916,351.25191148020593,0.14578904827991984,-0.3298282693920066,0.808515841428338,0.15820424859014562,-0.35953771289876196,0.8029028928366836,0.03268475828450738,0.09955391008012872,False,2026-08-07T15:11:43.056241+00:00
445712,3603,35.617517,22,0.7,-27.151323870000002,0.011213762940315064,2.6729972655535676,1.657392139453441,0.0003,656.1261342031672,2368.8859793515253,0.17678048137515728,0.09890893816021612,0.8068210868500039,0.18567610964073036,0.12877951507666174,0.8037741364049088,0.0313156107169479,0.38962645437588944,False,2026-08-07T15:11:50.688917+00:00
450720,3626,-238.612658,600,0.66,-33.27957977,0.0014701325420901413,1.9436564956500662,1.6888764762319624,0.0003,657.5137333018554,2356.27017586376,0.1754167748609204,0.09607577302069453,0.8068444227505323,0.18679726411179878,0.12383694487897354,0.8266633710072766,0.035958154965706604,0.3847712224399087,False,2026-08-07T15:11:58.305488+00:00
455728,3648,35.27187,23,0.62,-45.643268580000004,0.0014701325420901413,1.9436564956500662,1.6888764762319624,0.0003,4400.524087258491,350.9291096647707,0.09216694048538066,-0.27109891676205267,0.7517792678927642,0.16024447818790896,-0.06707882033844138,0.8234899495688718,0.22671826735133374,0.19292133456824248,False,2026-08-07T15:11:59.443538+00:00
460736,3694,35.265895,23,0.66,-33.54071989,0.0010452461589011363,2.653193393634865,1.6759892569854855,0.0003,643.0561776233346,2393.6695635036917,0.14298299276816137,-0.013362300521067641,0.8005121693734766,0.16024464761405247,-0.0670788241721321,0.8028815461289761,0.05647161753822485,0.1929213309493333,False,2026-08-07T15:12:07.231349+00:00
465744,3734,35.393537,23,0.73,-17.20538158,0.0010452461589011363,2.653193393634865,1.6759892569854855,0.0003,5111.242291979503,300.17281755700276,0.16839556536381103,-0.14376265550069667,0.8343341964218663,0.1707478563671634,-0.14394369757881983,0.845478317400061,0.011391114149860007,0.11655291394111778,True,2026-08-07T15:12:08.211153+00:00
470752,3760,35.31292,23,0.76,-12.577892969999999,0.0032616753509500996,2.451712335832417,1.670241286046803,0.0003,669.5841080409418,2283.877382446021,0.1759919260948732,0.09717207182604118,0.8067780310438127,0.18795662340605343,0.12796911099652336,0.80323222273794,0.033229269627218304,0.38897506845516533,False,2026-08-07T15:12:15.690431+00:00
475760,3791,15.136004,26,0.72,-22.77700152,0.0035214186194934883,1.4402798137278296,1.6830586433410644,0.0003,641.2863034767303,2376.847894203168,0.14744564745610886,-0.28982621012843524,0.802985328526937,0.13989225819792325,-0.30985377941276526,0.8352463305141529,0.03871601051171797,0.05375612153155807,False,2026-08-07T15:12:23.499723+00:00
480768,3815,35.264176,23,0.72,-27.664490069999996,0.0035214186194934883,1.4402798137278296,1.6830586433410644,0.0003,5217.226206999329,291.19534781946544,0.15684498602578234,0.058054660282981646,0.8037700302640248,0.18211938925214388,0.011423408171915297,0.8028794572045128,0.05304773559982436,0.27232321583836,False,2026-08-07T15:12:24.459620+00:00
485776,3856,-283.833719,600,0.75,-26.46728314,9.673864879005123e-05,1.5033003989141434,1.71184891872108,0.0003,666.6241325268834,2271.4809232306557,0.17074463065752774,-0.14831949984060638,0.834532936932514,0.17257548743455206,-0.14849072622232107,0.8450713353498527,0.010697625727905155,0.11221613530433996,True,2026-08-07T15:12:31.972102+00:00
490784,3918,35.356985,23,0.82,-7.466157129999998,9.673864879005123e-05,1.5033003989141434,1.71184891872108,0.0003,4153.631093610312,363.34858970063186,0.14385842290192183,0.017685787567728626,0.8008419303367466,0.17571112911043074,-0.026800666727394992,0.8028957775649479,0.05475269670979225,0.2337279799611337,False,2026-08-07T15:12:33.177803+00:00
495792,3945,35.212999,23,0.8,-5.91961367,-0.0022172383392899063,3.4608758757356552,1.730913968849927,0.0003,638.0689974779277,2357.437841276772,0.14441813101946288,0.023255825933012446,0.801165351633303,0.17571113017473539,-0.026800664483425066,0.8028957775649479,0.05905843210624284,0.23372798227157052,False,2026-08-07T15:12:41.026490+00:00
500800,3991,-219.044721,600,0.76,-12.09970904,-0.000593346406458295,4.179057486495003,1.717669543158263,0.0003,647.51952907972,2315.2969642949943,0.08518904502536005,-0.2684569033112338,0.7899893630531627,0.1628567726538489,0.0770720190150678,0.8029009103588324,0.35438569402950654,0.33708412474171784,False,2026-08-07T15:12:48.760608+00:00
505808,4019,35.383308,23,0.73,-18.40105238,-0.000593346406458295,4.179057486495003,1.717669543158263,0.0003,4349.835819285205,343.5053786111716,0.1778539459121716,0.10219970693721243,0.8068653769003047,0.1850196695023366,0.1278268910757863,0.829447031328104,0.03490030484307506,0.3886330934229816,False,2026-08-07T15:12:49.911929+00:00
510816,4039,35.334468,24,0.7,-28.841579140000004,0.00661228955432307,2.882544838427566,1.7242572166956962,0.0003,639.1334382962896,2330.004832746122,0.14307725715941966,-0.24523626910610188,0.8014689739968587,0.14406170404788837,-0.1638678458965057,0.80285999700579,0.08138626650918167,0.09744444740689476,False,2026-08-07T15:12:57.747527+00:00
515824,4072,23.104316,27,0.7,-33.561245719999995,0.00661228955432307,2.882544838427566,1.7242572166956962,0.0003,4440.194863090073,334.2592038780736,0.14452146856227327,0.028751937890287103,0.8014252008649083,0.17450625533374617,-0.027290417592167254,0.8028988347828713,0.06357676181339098,0.23316127720579108,False,2026-08-07T15:12:58.875416+00:00
520832,4095,20.758105,22,0.67,-36.31115781,-0.004883708182751434,1.9616569692851045,1.702995025832206,0.0003,658.2455748379791,2247.1370208057733,0.08507608722209618,-0.22784454096142653,0.8207499922925019,0.16298877209391593,-0.08048093487462313,0.8028971298244199,0.16764588739705577,0.17954394309505034,False,2026-08-07T15:13:06.483514+00:00
525840,4128,35.60464,22,0.66,-35.95594938,0.01828961356077343,5.621592067810707,1.6759837005287408,0.0003,642.1775993104801,2295.564344790035,0.07417687299443215,-0.022140358300978262,0.7952227955846121,0.16298877046224797,-0.08048093300581052,0.8028971298241536,0.10653671289627882,0.17954394493644252,False,2026-08-07T15:13:14.281978+00:00
530848,4155,35.391195,23,0.67,-34.03792437,0.01828961356077343,5.621592067810707,1.6759837005287408,0.0003,4225.2942723477645,347.70406634510516,0.16392528120199884,-0.13588265851786774,0.83586065479446,0.16676672405806506,-0.13709826640370232,0.845600558244691,0.010218474409431917,0.12308787379532285,True,2026-08-07T15:13:15.467223+00:00
535856,4181,24.411151,21,0.66,-40.21675261,0.008353241443546721,1.1952394351363183,1.686045030783862,0.0003,653.6037580231483,2240.1095189972043,0.1435449564840767,0.005651563671574832,0.7999774615918603,0.1347366078915385,-0.038150710616736055,0.8028995712848027,0.044774601760525785,0.22328310769219661,False,2026-08-07T15:13:23.129362+00:00
540864,4203,-237.636555,600,0.66,-40.94017846,-0.0035902115119824884,1.7835436144145205,1.6847610580734909,0.0003,640.7156868606439,2277.3533252313878,0.17225114395962887,-0.15758033458917348,0.8339409801363669,0.17348262005195586,-0.15826728985635197,0.8454086255899903,0.011554018052395783,0.10262224591499113,True,2026-08-07T15:13:30.945616+00:00
545872,4244,24.445621,21,0.68,-37.94386888000001,-0.0035902115119824884,1.7835436144145205,1.6847610580734909,0.0003,4081.223626752292,356.2970650439826,0.17503920770382245,0.09434812268512746,0.8069002736047537,0.14409074836295307,0.12668132904801183,0.8029050392815237,0.04493556794540184,0.3870084682820102,False,2026-08-07T15:13:32.172702+00:00
550880,4264,-141.991961,600,0.67,-38.145446500000006,-0.003536868974333629,3.6636198005406184,1.697109750006348,0.0003,653.7082502170332,2216.7687183370986,0.14599646614278303,-0.2965990956378528,0.8051379037251964,0.1499902895710515,-0.351147927869608,0.808781053675961,0.05481604021623706,0.09169590534911941,False,2026-08-07T15:13:39.833612+00:00
555888,4333,19.362421,21,0.77,-18.722547880000004,-0.003536868974333629,3.6636198005406184,1.697109750006348,0.0003,4404.592509430366,327.86506286520546,0.0850003794908587,-0.26511526079206815,0.7946242317130745,0.14059289964567112,0.07652843026262146,0.8028784346578199,0.3462355726970995,0.33708755527190126,False,2026-08-07T15:13:40.970610+00:00
560896,4348,-181.287295,600,0.77,-16.98686608,-0.0019642003782792015,4.241868764557876,1.7258928597904741,0.0003,643.0825786133138,2237.8214678170198,0.17704728414104665,0.09980860777529628,0.8069155874848404,0.13912230765764544,0.11013986198616454,0.802878434656137,0.039513760360138164,0.3707281962147996,False,2026-08-07T15:13:48.758103+00:00
565904,4385,23.808675,21,0.75,-29.790197229999993,-0.0005903249904804398,1.2306040202034638,1.7277194648049772,0.0003,634.0400779523932,2261.8380917360228,0.14165072872911424,-0.004772802813465159,0.8374687550867798,0.18147076732892856,0.08304030113600079,0.8028787285701577,0.10243654930614868,0.34371156811077963,False,2026-08-07T15:13:56.656652+00:00
570912,4404,35.15739,23,0.77,-28.005868319999994,-0.0005903249904804398,1.2306040202034638,1.7277194648049772,0.0003,5013.082040986604,285.07173597317535,0.1779082303075255,0.10225271200029314,0.806985867788208,0.1874454772696613,0.12587733501581314,0.8294723811952437,0.03398124743806502,0.38685213183006445,False,2026-08-07T15:13:57.655641+00:00
575920,4437,35.230738,23,0.67,-47.46701099,-0.034620945603455765,1.2725422645249638,1.68671788116917,0.0003,646.5576240401247,2202.556967933338,0.14892162942625414,0.04676846037266247,0.8022329040462532,0.165461800600245,0.07727131205270343,0.8029971247340194,0.03470713552483273,0.3373155335876913,False,2026-08-07T15:14:05.401278+00:00
580928,4457,35.384525,23,0.68,-44.86634004,-0.034620945603455765,1.2725422645249638,1.68671788116917,0.0003,4539.654008918481,312.5947477962263,0.17568503951435738,0.09693110956122217,0.8068084247663083,0.1835554514879302,0.12512308074240724,0.8269736674930899,0.035543883270466446,0.3858427744759813,False,2026-08-07T15:14:06.504446+00:00
585936,4481,-157.540503,600,0.66,-45.90902185000001,0.016533717604761477,2.64440008981619,1.7171060063876211,0.0003,672.2390708572034,2103.5135583489086,0.176460566672774,0.09788799030985369,0.8070525634525892,0.14936012992726078,0.12070393136063805,0.8029974823290373,0.03565732071747703,0.3808525832767978,False,2026-08-07T15:14:13.954182+00:00
590944,4509,24.375688,20,0.66,-40.35920582,0.00722217037655355,3.510063067765441,1.7536811376921833,0.0003,658.8748475034001,2138.579132803713,0.17798408981350133,0.10259418662385258,0.806868857325464,0.14612567078553537,0.12163699766876018,0.8029033627768439,0.037327103590670596,0.38188911348816507,False,2026-08-07T15:14:21.555045+00:00
595952,4531,35.711227,23,0.63,-49.06598054999999,0.00722217037655355,3.510063067765441,1.7536811376921833,0.0003,4306.092146970371,326.0608347612448,0.17514202277076635,0.09387751331130215,0.8069648372244621,0.18340854799718356,0.12378654803682897,0.8035631890888123,0.031216293943556645,0.38449977187686557,False,2026-08-07T15:14:22.718030+00:00
600960,4564,35.668624,22,0.66,-43.05352242,0.015570215856132563,2.0786475359927863,1.7672074752859772,0.0003,261.76547108209013,5344.631567397438,0.17697031018538018,0.09982001276128322,0.8068038980251165,0.1837104952322896,0.1245176359532502,0.8275266817287631,0.03293685549998795,0.3852479720170331,False,2026-08-07T15:14:41.849657+00:00
605968,4588,-13.688671,12,0.68,-33.969632389999994,0.015570215856132563,2.0786475359927863,1.7672074752859772,0.0003,4790.433678556539,291.00329814399015,0.17291728078455015,-0.15741948971592148,0.8340319092307907,0.17278008601104505,-0.15725148584235793,0.8424532907725811,0.008424174427195667,0.10354027119943662,True,2026-08-07T15:14:42.895069+00:00
610976,4639,34.901598,23,0.75,-21.75186309,0.0076520377471752,4.709856169426348,1.779522432666272,0.0003,639.1801151755581,2173.133936775378,0.147137138807652,0.029013733397771614,0.8013541734826556,0.18545104503042667,-0.024992083644723568,0.8029042699788033,0.0662343300986913,0.23638205609307447,False,2026-08-07T15:14:50.730106+00:00
615984,4661,35.261821,23,0.74,-27.04653741,0.00959229789514211,1.9442522622994147,1.78111625444144,0.0003,660.6615849531358,2094.8940146083646,0.14433192870093092,0.02761625666142368,0.8014470552700519,0.18545104472478993,-0.0249920811792009,0.8029042699788033,0.06678729211193003,0.2363820585113569,False,2026-08-07T15:14:58.310389+00:00
620992,4694,-10.138576,14,0.72,-26.253931619999992,0.00959229789514211,1.9442522622994147,1.78111625444144,0.0003,4915.890576244245,280.5204832393902,0.17541495569285093,0.09625415974959103,0.8067537129648921,0.1878932665127666,0.12788014787186458,0.8031986461759486,0.0341840586458434,0.38888178593224415,False,2026-08-07T15:14:59.329123+00:00
626000,4717,-256.067775,600,0.72,-23.732263109999998,-0.0003077084791584639,2.508148671174422,1.7981990018859506,0.0003,644.6020647262878,2131.547624786822,0.17621704122450368,0.0979357511141102,0.8068443645615632,0.1880674299202274,0.12806990265742751,0.8032930016190797,0.03257469846713236,0.3890835771024937,False,2026-08-07T15:15:07.098275+00:00
631008,4744,-237.444746,600,0.65,-40.76914628,-0.0002905607019783929,1.1737817755085416,1.7951256739906967,0.0003,658.0768625412479,2080.2919505686045,0.16125055711328837,0.062470506503839424,0.8042058651107538,0.16807687226820198,-0.013662422851219661,0.8029046642560496,0.07644942533754523,0.24646995310010542,False,2026-08-07T15:15:14.708321+00:00
636016,4749,35.309645,22,0.64,-43.41078490000001,-0.0002905607019783929,1.1737817755085416,1.7951256739906967,0.0003,5051.784985441146,270.0004065752791,0.15335957589711693,0.05247156794229058,0.803606174738735,0.16807687224595902,-0.013662420366325692,0.8029046642560496,0.06775540818548105,0.24646995558293586,False,2026-08-07T15:15:15.699648+00:00
641024,4806,34.758902,24,0.68,-41.53962449000001,0.0008492768120049732,2.3578130421228707,1.7564036405645311,0.0003,641.7752185755519,2117.526449550836,0.14516375338450596,0.03508469326701029,0.8016858902999562,0.17523019030519496,-0.017175682670216158,0.8028796535575553,0.0603039185536164,0.24330147509501052,False,2026-08-07T15:15:23.503009+00:00
646032,4827,17.440794,20,0.71,-30.881432680000003,0.0008492768120049732,2.3578130421228707,1.7564036405645311,0.0003,4372.326121709474,309.6676602592103,0.1446648490197947,0.0359400714715498,0.8019701653180231,0.1752301891517435,-0.017175684870260232,0.8028796535575553,0.061289075356070595,0.24330147282707737,False,2026-08-07T15:15:24.648390+00:00
651040,4867,35.1915,23,0.76,-19.43318154,0.000688123095096671,3.557757623429643,1.7240693958476185,0.0003,658.050782856793,2049.9329765155294,0.1762710448098926,0.09855212650158243,0.8067967674631779,0.1881512940401097,0.12813520590277935,0.8033252655511133,0.03206790037023102,0.38915476794885306,False,2026-08-07T15:15:32.258748+00:00
656048,4896,35.340426,23,0.75,-21.828971749999997,0.005744239296109299,2.4430830117082225,1.7777169413864613,0.0003,662.0129083392561,2030.099387897851,0.17657408734366384,0.09882464744024809,0.8067746137340679,0.18820023182625215,0.12823622202016224,0.803377263488498,0.03180801696885464,0.3892590617616283,False,2026-08-07T15:15:39.823557+00:00
661056,4911,34.942335,24,0.69,-38.49898457,0.005744239296109299,2.4430830117082225,1.7777169413864613,0.0003,4337.204853687736,308.71126570412144,0.17577708670196082,0.09568693902026171,0.8071009727536664,0.14678714295720763,0.038000954450640494,0.8028809862346696,0.0646985157504486,0.29829372847032165,False,2026-08-07T15:15:40.978219+00:00
666064,4939,-156.937307,600,0.65,-50.41145658000001,0.005159872468357207,3.3311199319607114,1.8182374017313123,0.0003,655.2640549430334,2035.7228356070411,0.17810196481875534,0.10297777052510969,0.8068591188357244,0.14678714444312785,0.038000956442612935,0.8028809862346609,0.07223870072517091,0.29829373039452045,False,2026-08-07T15:15:48.620942+00:00
671072,4968,-246.736211,600,0.65,-45.54915285000001,0.005159872468357207,3.3311199319607114,1.8182374017313123,0.0003,4587.572959077815,289.67997061939667,0.16687785195155824,-0.21524617307681554,0.801077086359844,0.14274341981419694,-0.16374199354224284,0.8001290875279272,0.056886290315925084,0.09779260384574424,False,2026-08-07T15:15:49.712584+00:00
676080,4998,35.331111,23,0.62,-48.03737956999999,-0.00033441520754422526,2.5091214396816213,1.8310511402785778,0.0003,639.3309475411108,2070.7897921911062,0.14468599415511674,0.034715041208897464,0.8018222565988302,0.14524481014119558,-0.028895388268245743,0.8028928447436156,0.06362189224275448,0.23157516531669423,False,2026-08-07T15:15:57.545779+00:00
681088,5037,35.227297,23,0.7,-24.46316248,0.020677004244498677,3.1970662803796586,1.8728059062734246,0.0003,634.6776112638333,2078.081811289437,0.1445587099801206,0.03349569733485641,0.8018621965786941,0.14524481254961508,-0.028895388893023823,0.8028928447436156,0.06240337020602741,0.2315751645397293,False,2026-08-07T15:16:05.436395+00:00
686096,5052,35.461122,23,0.67,-36.95364049,0.020677004244498677,3.1970662803796586,1.8728059062734246,0.0003,5033.881685866286,261.01209404445683,0.14347023243934903,-0.0024972468535782006,0.7996253432455487,0.14576518691386287,-0.05640071122078791,0.8029072415970406,0.05405202256730698,0.20409630152209585,False,2026-08-07T15:16:06.431258+00:00
691104,5087,35.345357,23,0.68,-38.84628036,0.006396084157313453,0.8252907143032644,1.8956957360729576,0.0003,644.9565461721389,2029.432847481566,0.14456292216673985,0.0011689957842357821,0.7993725526866324,0.147347885636095,-0.059609188086883216,0.8029072415970417,0.0609445459568825,0.2007898241870725,False,2026-08-07T15:16:14.196134+00:00
696112,5123,35.108135,23,0.7,-41.11496084,0.006396084157313453,0.8252907143032644,1.8956957360729576,0.0003,4192.868980544598,310.97752065475754,0.17611419539166304,0.09782839631998907,0.806783088343551,0.18803513157299478,0.12801953333698843,0.803282834197181,0.03264759183933468,0.38903101014362523,False,2026-08-07T15:16:15.390541+00:00
701120,5148,-14.214443,13,0.7,-36.70484498999999,0.00158753535397409,3.384379077551421,1.8916383646428585,0.0003,658.6155762141569,1972.136777368978,0.17556055212021748,0.09677728595253877,0.8066496379239386,0.18795890793852332,0.12792658879322724,0.8032200257598052,0.03370104648307843,0.38893282045343575,False,2026-08-07T15:16:22.994359+00:00
706128,5189,-154.318811,600,0.72,-26.339641500000003,0.0033595882439840354,2.613766805350315,1.8589963011443615,0.0003,664.2493336184489,1947.8709793380272,0.18535065086952018,-0.19232057233679095,0.8317846541178878,0.15835675780791766,-0.17646301470118192,0.8389005995176716,0.03210559259257799,0.08355314570808683,True,2026-08-07T15:16:30.533699+00:00
711136,5221,35.479649,23,0.75,-19.507327029999995,0.0033595882439840354,2.613766805350315,1.8589963011443615,0.0003,4177.407521017228,308.53202459073293,0.08819485633912712,-0.1865330425911233,0.8363116164714408,0.12058451810302014,-0.37277792781517005,0.8379346333761611,0.1890473000208433,0.1194673227935357,False,2026-08-07T15:16:31.732532+00:00
716144,5249,35.322234,23,0.76,-20.61189746,-0.001406098650841159,2.364320529525867,1.8557049493305384,0.0003,646.9963959302054,1984.332537361608,0.14539012202339988,-0.28838611623494653,0.8043892676988038,0.14591653668763505,-0.3617692459468139,0.8028755281780595,0.07340062837635751,0.10273910336115373,False,2026-08-07T15:16:39.472914+00:00
721152,5268,-256.886461,600,0.72,-34.220526209999996,-0.0030362064178916627,1.0627302399661858,1.8665925434790551,0.0003,685.0210265977997,1866.8740817365556,0.15069334600092008,0.048922823430451554,0.802720891827215,0.17415091898497395,-0.01272921861465203,0.8028809447109632,0.06596406321292701,0.24767536784072786,False,2026-08-07T15:16:46.783639+00:00
726160,5298,24.249089,19,0.7,-38.78225277,-0.0030362064178916627,1.0627302399661858,1.8665925434790551,0.0003,4360.829701120732,292.10954962827907,0.14829891541983134,-0.28338809704611617,0.803358197327722,0.1652834815014106,-0.3397547262697344,0.8028935466395306,0.058871795244195016,0.07992954109173911,False,2026-08-07T15:16:47.932060+00:00
731168,5337,-285.700642,600,0.71,-36.574282839999995,0.002703109600042808,2.529013760446105,1.8544109905138613,0.0003,654.6850562127958,1938.0799790053322,0.12734660420877816,-0.034501079185084736,0.8625665686652867,0.13777461682295308,0.03066254250663635,0.8028903868964743,0.08897352251972196,0.29151103113568233,False,2026-08-07T15:16:55.581526+00:00
736176,5363,-143.370122,600,0.69,-33.94817607,0.002703109600042808,2.529013760446105,1.8544109905138613,0.0003,4901.69560776493,257.83404379454663,0.17594443980135632,0.09692880041082816,0.8068488585825249,0.13743667738699344,0.07155969088845947,0.8028903868964743,0.046282923224535207,0.33232654445498244,False,2026-08-07T15:16:56.603212+00:00
741184,5377,34.93403,23,0.68,-33.521483950000004,0.0019029214297916041,3.1148480010044297,1.901563205011189,0.0003,683.0296124561268,1842.9889085970747,0.16640946415938773,-0.20075064914554921,0.797126287331083,0.16070751392882882,-0.19570393153841106,0.8089201760148068,0.014038426027231002,0.06429996108534453,True,2026-08-07T15:17:03.935255+00:00
746192,5407,-155.922299,600,0.64,-45.724920950000005,0.0063927390830940565,0.5941677528171567,1.9600093666464091,0.0003,659.4228597126396,1901.3717549106184,0.1779643855162738,0.10247256112822532,0.8069075231544627,0.13763675134589395,0.10709303692231695,0.802892962173208,0.04078950323570989,0.36777358883858824,False,2026-08-07T15:17:11.529776+00:00
751200,5438,20.740136,20,0.65,-40.80401425,0.0063927390830940565,0.5941677528171567,1.9600093666464091,0.0003,4912.055559232212,254.23165209377154,0.1776965651951901,0.10170980363292098,0.8068812854086216,0.13758450736182087,0.10728311350641043,0.8028929621732083,0.04069331258086062,0.3679664927370086,False,2026-08-07T15:17:12.549313+00:00
756208,5465,35.454256,23,0.65,-44.99591930999999,0.0017985681013669818,3.678357526147738,2.0108407872729,0.0003,673.8535493814685,1845.7897879170914,0.17587181245851258,0.097500428214493,0.8068032906151331,0.18678181976460662,0.12419921976897313,0.8273672296965123,0.0354221586077314,0.3851315442040441,False,2026-08-07T15:17:19.981193+00:00
761216,5483,-157.207664,600,0.7,-33.08454696,0.0017985681013669818,3.678357526147738,2.0108407872729,0.0003,4367.014723471545,283.66838182199496,0.1777532245527908,0.10188786696729407,0.8068738068171479,0.18761958072351057,0.12606577144707218,0.8293693007423081,0.03446684343042877,0.3870524785121076,False,2026-08-07T15:17:21.127971+00:00
766224,5506,24.061478,20,0.65,-44.310340599999996,0.002389556772686774,1.34614517785958,2.021407368592918,0.0003,644.775139940727,1913.498091929256,0.1776712159838157,0.10163743750273303,0.806883486745091,0.18749262568099095,0.1254366215962137,0.8290344947373801,0.033963633595797814,0.3864158818350223,False,2026-08-07T15:17:28.895028+00:00
771232,5524,35.034392,25,0.65,-51.68725047,-0.0024345311227079946,2.0608821821806487,2.030900240316987,0.0003,684.0644464910761,1796.275199366073,0.17672095373610536,0.10013289596872835,0.8065750949204146,0.1874297480454151,0.12526946578820836,0.8285347530538884,0.0350535590659171,0.38624467937638496,False,2026-08-07T15:17:36.215976+00:00
776240,5556,35.509281,23,0.66,-51.08421230000001,-0.0024345311227079946,2.0608821821806487,2.030900240316987,0.0003,4863.655903063433,251.61319476347,0.14328374135722927,-0.002981139073274655,0.7998332300108258,0.16978436606542063,-0.05843195303680202,0.8028837460463475,0.0615335804843591,0.20180537994776093,False,2026-08-07T15:17:37.245646+00:00
781248,5574,23.700537,21,0.62,-59.766416840000005,0.0006077282087062486,2.0395530002890156,2.051309372112155,0.0003,664.0445907603004,1835.346627256741,0.0850928982708719,-0.25815781737737303,0.799573645906597,0.15531502534273767,0.021700450489428348,0.8028992164363729,0.2885530395668223,0.2817394058229805,False,2026-08-07T15:17:44.787311+00:00
786256,5600,24.012515,20,0.65,-53.55202603,0.0006077282087062486,2.0395530002890156,2.051309372112155,0.0003,4337.945609934057,279.79696131285766,0.17714877285251726,0.10005127159163521,0.8069469173487582,0.1440039407885398,0.12677579314816484,0.8028992164347211,0.042768724877697506,0.3871064299074462,False,2026-08-07T15:17:45.941784+00:00
791264,5624,-589.038916,600,0.65,-57.926219720000006,0.0002932048613729421,1.5480052395607344,2.063145141676068,0.0003,685.2916264250256,1763.827184501928,0.08507608722209618,-0.22784454096142653,0.8207499922925019,0.17948466012045286,0.11396226831628341,0.8028779887696043,0.35505532247135174,0.37446953161007573,False,2026-08-07T15:17:53.249614+00:00
796272,5647,34.995002,23,0.63,-59.854933310000014,-0.000829845252155792,2.633596490486525,2.04789623580873,0.0003,660.0976762601465,1823.560426420297,0.17718976291578298,0.10054962220444136,0.8065259753861617,0.18840965548823443,0.12845503530751667,0.8035341034458673,0.03022497919763982,0.38949251980073274,False,2026-08-07T15:18:00.836368+00:00
801280,5666,-313.634105,600,0.62,-66.13604655,-0.000829845252155792,2.633596490486525,2.04789623580873,0.0003,235.97660153960229,5079.825678389674,0.1578920917981739,0.0596754785583642,0.8037101962372772,0.1847163216250182,0.08289194623292005,0.8030285031519612,0.035482508120898495,0.3437815925061595,False,2026-08-07T15:18:22.058823+00:00
806288,5690,16.953481,20,0.66,-52.69481348,0.0028697509656922192,0.4453034647100139,2.013319467846304,0.0003,666.3727646532647,1791.3577254633553,0.17705832447380904,0.10034509943736895,0.8066997271660773,0.18840934863721703,0.12844255169900506,0.8035363607396468,0.030468335371350037,0.38948004706329337,False,2026-08-07T15:18:29.574134+00:00
811296,5720,-15.717484,20,0.65,-49.775530360000005,-0.0009706942681077634,1.5264761230093427,2.0013023279607296,0.0003,650.2839376969207,1827.9768745480255,0.14557095262170716,0.0389557929353429,0.8017399247289243,0.17133029755093918,-0.015452341216030514,0.8028791513888135,0.06020869331250762,0.2448099937897013,False,2026-08-07T15:18:37.275383+00:00
816304,5738,-155.830031,600,0.64,-47.78581471000001,-0.0009706942681077634,1.5264761230093427,2.0013023279607296,0.0003,4327.1531310308,273.550753614773,0.1451799490482735,0.039625138990426495,0.8019228418378428,0.17133029899228033,-0.015452343240010125,0.8028791513888135,0.06097773674871311,0.24480999183459873,False,2026-08-07T15:18:38.432743+00:00
821312,5767,35.143437,23,0.65,-44.001315129999995,0.004226190546614816,1.1076814187690616,2.0409630138427017,0.0003,670.8436213329368,1757.0234888095065,0.15122759703632696,0.04997631787385201,0.802570263570487,0.14643285566468697,0.09585898705411862,0.8028841053622721,0.04613358183142703,0.3561175172223329,False,2026-08-07T15:18:45.897956+00:00
826320,5783,-166.824465,600,0.64,-43.987803549999995,0.004226190546614816,1.1076814187690616,2.0409630138427017,0.0003,4934.230715401018,237.8648400725648,0.17757023207955977,0.10149988530233675,0.8069426525887827,0.1455334534143578,0.12163258939424533,0.8028841053622728,0.038054602440247665,0.38190668265673383,False,2026-08-07T15:18:46.912905+00:00
831328,5816,35.478893,22,0.64,-47.85236930999999,0.0008931958367611514,1.6136476555198898,2.0660265259444714,0.0003,674.3476566558151,1733.0407964870953,0.1777055490559215,0.10170652943430675,0.8068770479867375,0.15596657988624985,0.038739889081134335,0.8029038694502568,0.06673205171136615,0.29876711633983827,False,2026-08-07T15:18:54.339346+00:00
836336,5843,-147.218398,600,0.68,-41.179598340000005,-0.004518446558358846,1.4560481176071334,2.0346405152231455,0.0003,653.836831418023,1779.7467870940798,0.17759902160528124,0.10131889941935537,0.8068691094444951,0.15596658030488975,0.03873989153168034,0.8029038694502568,0.06633112295922997,0.29876711878450923,False,2026-08-07T15:19:01.998745+00:00
841344,5875,23.799055,21,0.72,-29.015901050000004,-0.004518446558358846,1.4560481176071334,2.0346405152231455,0.0003,4482.779068174281,258.4682364174352,0.0850928982708719,-0.25815781737737303,0.799573645906597,0.1750847485258459,0.048641553430235414,0.8029028072456267,0.31974281908352437,0.30900996447026896,False,2026-08-07T15:19:03.115917+00:00
846352,5890,-154.840994,600,0.7,-36.47911213,0.0008207065457099816,1.3701205871417188,2.0449108857661487,0.0003,651.1987014886588,1771.5760141454948,0.17757124248152728,0.10135474996601412,0.8068761346441483,0.18554037081631286,0.12365926106354239,0.8286089333133012,0.032145182527246255,0.38450843832256554,False,2026-08-07T15:19:10.806344+00:00
851360,5928,24.23524,20,0.71,-37.318084379999995,0.0008207065457099816,1.3701205871417188,2.0449108857661487,0.0003,4015.9594738452124,286.01882252068566,0.14549992987366495,-0.29649020044091123,0.8051038289889706,0.14717017778286237,-0.36563758754484604,0.8028873220811527,0.06920306188494836,0.10641383481680551,False,2026-08-07T15:19:12.053372+00:00
856368,5940,35.638178,23,0.66,-48.82773300000001,0.0017447197045839858,1.2894514780724422,2.055395144596696,0.0003,660.2907139847034,1732.0128479445705,0.1762475301230338,0.09840363490265175,0.8066998973327073,0.18815766956067467,0.12815168230035803,0.80337829876825,0.03221538083623463,0.38917166241606826,False,2026-08-07T15:19:19.637912+00:00
861376,5967,35.403814,23,0.64,-53.48203894000001,-0.00099315394036239,1.3134264946100302,2.0522909298539163,0.0003,655.7224444272125,1736.4420109099854,0.08368615408424687,-0.2697065299651685,0.7587401474236066,0.16257198729281055,0.04487055432981688,0.7996162585437621,0.32688311841520806,0.30488140319803736,False,2026-08-07T15:19:27.275288+00:00
866384,5984,-163.054066,600,0.65,-50.45436382999999,-0.00099315394036239,1.3134264946100302,2.0522909298539163,0.0003,4199.728929401817,269.92599261911533,0.1779344434442899,0.10245005307230881,0.8068642052241242,0.18775683675092367,0.12604082971104466,0.8296641858144803,0.034246799377599446,0.38703741962555666,False,2026-08-07T15:19:28.467746+00:00
871392,6009,35.511928,22,0.66,-51.03060143999999,0.00043919076560996475,2.781043102813419,2.041002927906811,0.0003,656.7483201153497,1718.4787009455526,0.08487248468149325,-0.2679009150223266,0.7899328126116614,0.1732512549291433,-0.003581831899688862,0.8028790129734804,0.2790035642014044,0.2567603409584832,False,2026-08-07T15:19:36.093200+00:00
876400,6054,34.708103,27,0.71,-34.76553888,0.00043919076560996475,2.781043102813419,2.041002927906811,0.0003,4591.415609402521,244.71755458143193,0.15032056752956324,0.04843113569786969,0.8027146815179811,0.17677901256263087,-0.005101395769974553,0.8028790145621225,0.05971438892154044,0.2554502568035352,False,2026-08-07T15:19:37.183935+00:00
881408,6075,19.962844,21,0.73,-31.21981229,-0.001586136021069251,6.418841277854517,2.059400955401361,0.0003,640.4909156267734,1746.4603676780725,0.14041019737240837,-0.24518842401597943,0.8015349446494309,0.14335542764278045,-0.16335027061098853,0.8026572566246108,0.08189882366831634,0.09807248329640617,False,2026-08-07T15:19:45.002933+00:00
886416,6109,-139.273472,600,0.73,-27.19582744,0.006055447681137594,2.2024184842215617,2.080293203517795,0.0003,643.6347592057676,1730.1489456134102,0.1419467784119834,-0.0045597237975594715,0.8375439760987873,0.14443593767664142,0.10293668248626885,0.8028792825594295,0.11297483903932021,0.3632702513696162,False,2026-08-07T15:19:52.783752+00:00
891424,6121,-152.03102,600,0.68,-35.49685744,0.006055447681137594,2.2024184842215617,2.080293203517795,0.0003,5092.809655186125,217.67473655158338,0.1772131731513566,0.1007829772718328,0.8068562095440327,0.13837427446867775,0.11255473233170615,0.8028792825594298,0.04077806047758904,0.373181859938965,False,2026-08-07T15:19:53.767094+00:00
896432,6143,-147.307861,600,0.61,-55.21862731,0.00528393070489983,4.509786064719083,2.1070126805454494,0.0003,655.131622104203,1684.4981416947544,0.17714458725527502,0.10014416003891621,0.8068774892542937,0.1476578723637078,0.061929052289861786,0.8028816589387968,0.04843374314750673,0.32216555188728524,False,2026-08-07T15:20:01.411359+00:00
901440,6161,35.300496,23,0.59,-59.198184229999995,0.0005749824369559065,3.484057441458572,2.1166973842307923,0.0003,642.5431179776871,1709.7062738101704,0.17809154357481108,0.10294405478940478,0.8068597735537859,0.1476407764564827,0.061852480999805566,0.802881658938797,0.0512990453175372,0.3220896923720609,False,2026-08-07T15:20:09.205388+00:00
906448,6197,35.300282,23,0.61,-53.099246689999994,0.0005749824369559065,3.484057441458572,2.1166973842307923,0.0003,4979.171806301066,219.62527957282506,0.1561151256606462,-0.2648752353675387,0.8457883239530524,0.15313811980945286,-0.2670219795424869,0.8534586898568879,0.008503269223624283,0.009818024060091109,True,2026-08-07T15:20:10.211180+00:00
911456,6222,35.092825,23,0.65,-45.26142474,0.00017243709298782052,8.029528869176284,2.123570086993277,0.0003,661.992211368558,1644.345630214618,0.1778771648004493,0.10267446427323539,0.8068496991520505,0.18658423909852465,0.12335458502791781,0.8298714791229155,0.032147828702532466,0.3842752394187981,False,2026-08-07T15:20:17.776231+00:00
916464,6238,-245.207919,600,0.64,-58.508102929999986,0.00017243709298782052,8.029528869176284,2.123570086993277,0.0003,4344.016432132661,249.4318373165192,0.17198046112842155,-0.15733419108726912,0.8339557887768089,0.17318845930140067,-0.15802813588710404,0.8453673727426202,0.011496306693016713,0.10282118716200286,True,2026-08-07T15:20:18.929076+00:00
921472,6271,35.647621,23,0.66,-56.601799500000006,0.0012162425460701342,3.7361014457419515,2.138843614421785,0.0003,669.5605231957034,1610.7998644429654,0.17772290563143794,0.10176937427393572,0.8068965940049506,0.14188859654857006,0.11412893048678095,0.8029034295816898,0.03811563589048706,0.3745670561623954,False,2026-08-07T15:20:26.408613+00:00
926480,6290,15.563644,22,0.66,-57.60237161,0.005206165945855901,3.794568793079816,2.134573712199926,0.0003,670.7737406598959,1600.420432296424,0.1773100644044134,0.10069633834411247,0.8068474766938175,0.14175630751346655,0.1142123129941128,0.8029034295816906,0.038240119082224105,0.3746567595972974,False,2026-08-07T15:20:33.874614+00:00
931488,6314,35.035728,23,0.63,-63.74585409,0.005206165945855901,3.794568793079816,2.134573712199926,0.0003,4312.173225368915,247.7896745227777,0.1773551305731903,0.10111315190984138,0.806874125954568,0.14655955248554606,0.12164182995514371,0.8028957666215151,0.03722393846737286,0.3818784256813936,False,2026-08-07T15:20:35.035978+00:00
936496,6331,-13.190897,13,0.63,-54.349444590000004,0.0006676099535980029,0.8714798552566208,2.1598056603223084,0.0003,648.5495938914471,1639.819082483316,0.17582457322368472,0.09670544500136019,0.8069349331594313,0.1457440250373496,0.12164511338406185,0.8028957666214718,0.03928283727725036,0.3819112794774058,False,2026-08-07T15:20:42.757831+00:00
941504,6360,35.412503,23,0.64,-51.43778053999999,0.0006676099535980029,0.8714798552566208,2.1598056603223084,0.0003,4965.891252449839,213.1532782716111,0.17711116979649372,0.09995392209472061,0.8069412335066581,0.1838949414102694,0.12599409007980927,0.828067317946186,0.03421142133477603,0.3867329903196004,False,2026-08-07T15:20:43.766306+00:00
946512,6382,35.628461,22,0.63,-52.25032303999999,-0.00017488662306277546,0.7565705027343939,2.162382741086185,0.0003,672.4042321782299,1566.7480208850895,0.17780361609636347,0.10203626526850723,0.8068843154257654,0.18596161308723855,0.12704053814563257,0.8294133308374995,0.034631244742847775,0.3879102776701751,False,2026-08-07T15:20:51.214211+00:00
951520,6427,-246.611331,600,0.71,-29.95182554,-0.004298483912134543,1.1673840746836504,2.1347471283748747,0.0003,663.6047263906277,1579.9766913999003,0.13120712918388128,-0.025438863495213647,0.8518185144932976,0.18042488719944086,0.07902341873357296,0.8029009860029188,0.12541005025966567,0.33963812281148514,False,2026-08-07T15:20:58.760873+00:00
956528,6443,23.622475,23,0.7,-32.2330035,-0.004298483912134543,1.1673840746836504,2.1347471283748747,0.0003,4480.84261130764,232.87405751916927,0.17727392567040845,0.1004821856669566,0.8069267317751208,0.18590100471201412,0.12282749712420014,0.8280279616106131,0.0319218003483764,0.3837026903729908,False,2026-08-07T15:20:59.878525+00:00
961536,6478,21.193721,20,0.68,-37.49897255999999,-0.0021014685484260554,2.2189016071613876,2.1014642748981713,0.0003,654.9295404322227,1585.6117885821163,0.14564520196495392,-0.29703837765069274,0.8053865561505582,0.1469878086618283,-0.33684203586993594,0.8169972222105656,0.04148423033797091,0.07793597115618507,False,2026-08-07T15:21:07.525157+00:00
966544,6496,36.008197,22,0.7,-33.83945875999999,-0.0021014685484260554,2.2189016071613876,2.1014642748981713,0.0003,5079.893326729455,203.44049245328569,0.1776041461744075,0.10140595664137138,0.8069102723587853,0.13503988153703247,0.11264924194926731,0.8028984698724861,0.04420659054738693,0.37348422327997866,False,2026-08-07T15:21:08.510989+00:00
971552,6517,-282.84599,600,0.62,-58.20377389,-0.0020097507585887797,0.3237228144542314,2.0995158586651086,0.0003,630.5104574764152,1631.1355153668803,0.08517007828258855,-0.2686328112814988,0.7900366843656719,0.15868599597803046,0.028998942600730132,0.8028781218095626,0.30684548813570656,0.28900192980481954,False,2026-08-07T15:21:16.453763+00:00
976560,6534,-157.853489,600,0.62,-55.542421420000004,-0.0030165072177624095,1.3647391463513485,2.0822574120014905,0.0003,658.4208128824207,1554.3858577610965,0.17828961009488026,0.10358868582727708,0.806849635822151,0.16075318558015445,0.05284171550881124,0.8028781219452957,0.053838221587808634,0.312842622177692,False,2026-08-07T15:21:24.059841+00:00
981568,6549,17.357082,20,0.6,-64.96815010999998,-0.0030165072177624095,1.3647391463513485,2.0822574120014905,0.0003,4847.722382158414,210.0846376327661,0.14566554151847083,-0.29640711461466945,0.8050028124817781,0.16160924515850728,-0.34011040038405627,0.802907776405181,0.04656788645584253,0.08012656188601867,False,2026-08-07T15:21:25.092906+00:00
986576,6576,-13.215143,12,0.61,-57.843641130000016,-0.002800695387850283,0.49201174731133507,2.0671157302334904,0.0003,646.6486274350444,1567.1942334738783,0.14304048101686295,-0.011457148744447462,0.8003669672061218,0.16956254294132814,-0.06580096890026961,0.8028801837295059,0.0605226140805808,0.1944343228639913,False,2026-08-07T15:21:32.837458+00:00
991584,6594,35.187593,24,0.57,-69.34667912,0.00033082188820117154,2.059454012743663,2.090811825171113,0.0003,647.5690360559797,1557.2331965434284,0.14343608065110153,-0.014446955802222466,0.8002985558936929,0.16956254423894004,-0.06580096678410684,0.8028801837295059,0.057675743131899014,0.1944343250414115,False,2026-08-07T15:21:40.571000+00:00
996592,6618,24.116864,23,0.6,-60.10577175,0.00033082188820117154,2.059454012743663,2.090811825171113,0.0003,4833.683099750251,207.5866330690658,0.1515421086693981,0.049438448128107604,0.8029352385230848,0.1793301996737175,0.0055644154109256916,0.8028872040077562,0.05193371790895918,0.26626700011825066,False,2026-08-07T15:21:41.607054+00:00
1001600,6640,24.603787,19,0.62,-54.308227609999996,0.002565354523176211,2.035436266299803,2.1134534446522593,0.0003,264.2766433822218,3777.85939469505,0.16372144984517312,0.06941972552927411,0.8052219929232171,0.1793301985509683,0.005564417627462334,0.8028872040077562,0.06577677874961352,0.2662670022474304,False,2026-08-07T15:22:00.556896+00:00
1006608,6676,-245.82047,600,0.65,-47.28868603,0.002565354523176211,2.035436266299803,2.1134534446522593,0.0003,4113.410754871354,241.50080290998514,0.17458835656363958,-0.007691908909384908,0.8006496711523567,0.1526313028040232,-0.06197109993690073,0.8028894247753731,0.05859487421862132,0.19816594802984433,False,2026-08-07T15:22:01.774378+00:00
1011616,6712,23.838328,20,0.72,-22.473689520000004,-0.0011704763950547204,4.2526822669780815,2.124416874349117,0.0003,649.6885830495319,1521.3196380344061,0.14339150986962693,-0.0034462898371264883,0.7996936443594074,0.15263130258699828,-0.061971097463945655,0.8028894247753731,0.059335822988168356,0.19816595050915908,False,2026-08-07T15:22:09.482720+00:00
1016624,6735,-306.179348,600,0.71,-28.940595990000002,0.005880233098650933,2.155631836585235,2.128569922782481,0.0003,644.2798665754955,1526.318066133097,0.14586995577582493,0.03869616269420256,0.801979045301342,0.147960656758566,0.08121607143731946,0.8029045454215106,0.0425813365289848,0.3414284012685573,False,2026-08-07T15:22:17.255706+00:00
1021632,6758,34.896724,23,0.7,-30.535778790000006,0.005880233098650933,2.155631836585235,2.128569922782481,0.0003,4211.276926013309,232.32098415484444,0.1772265930978813,0.10029778991222806,0.8069303253014181,0.14439355338243381,0.12664284707991433,0.8029045454215107,0.04228802948549716,0.3869576880927539,False,2026-08-07T15:22:18.444896+00:00
1026640,6780,23.817017,22,0.67,-36.80333596,-0.001828171216402552,1.1310514056822285,2.1258452383801343,0.0003,645.9443978690953,1506.8789252000875,0.16699887278359637,-0.2060552454493191,0.799252687834765,0.1522450183396474,-0.19652716826096855,0.8163642837891542,0.024520750232541143,0.06394482081860738,True,2026-08-07T15:22:26.197884+00:00
1031648,6808,24.153422,21,0.66,-45.30892178999999,-0.001828171216402552,1.1310514056822285,2.1258452383801343,0.0003,4867.946990203422,198.92410536695974,0.1781056177938575,0.10298575509031557,0.8068616197009719,0.1820600988123889,0.05392473371107317,0.8028817965573811,0.04938077288940166,0.3146988821003032,False,2026-08-07T15:22:27.226662+00:00
1036656,6827,-239.28587,600,0.62,-51.80502993,-0.0023013568032183686,1.8268949470017106,2.1300555493682625,0.0003,667.5261828550647,1443.1553768867882,0.17749101827250258,0.10111892604162032,0.8069325707761942,0.18206009652432686,0.05392473274185371,0.8028817965573811,0.04758757326297307,0.314698880973077,False,2026-08-07T15:22:34.728997+00:00
1041664,6845,-13.0796,14,0.59,-56.7115668,-0.0027698342666553797,0.9964374796196352,2.124024832993746,0.0003,647.0931045534861,1480.9862649692132,0.1772698891804749,0.10049540595835951,0.8068845670714492,0.19071893430547918,0.059106477431116924,0.835138183394293,0.05188628966043019,0.3205816539719019,False,2026-08-07T15:22:42.468213+00:00
1046672,6870,21.561702,20,0.59,-61.785374180000005,-0.0027698342666553797,0.9964374796196352,2.124024832993746,0.0003,4958.27192431256,192.27021320178486,0.14291577768676283,-0.2460006951698326,0.8015208043704142,0.14534237943680814,-0.16242850517218133,0.8028572289589049,0.0836180923469172,0.09866631868834244,False,2026-08-07T15:22:43.478244+00:00
1051680,6889,-150.019075,600,0.6,-56.74210011,-0.0010916797789832344,2.772653590911068,2.1268198205158115,0.0003,644.9808060779116,1470.3073193242376,0.14466097041074383,0.019502522468976508,0.8005902364101929,0.17405026981865293,-0.0371008555375549,0.8029042218586327,0.06382027773438158,0.2233415292418025,False,2026-08-07T15:22:51.242816+00:00
1056688,6907,-302.521,600,0.57,-67.24003216,-0.0010916797789832344,2.772653590911068,2.1268198205158115,0.0003,4275.249463026093,220.64490228186781,0.14399916581850672,0.019234702031638448,0.8009210019676254,0.17405027056015915,-0.03710085790846314,0.8029042218586327,0.0638803363414332,0.22334152692223816,False,2026-08-07T15:22:52.414215+00:00
1061696,6924,24.380485,20,0.57,-70.68810236000002,0.003735031456744764,1.7683039733325132,2.1159357622265818,0.0003,663.3943884139694,1414.3984579720054,0.1449812898979406,-0.2679436559696575,0.802811943973399,0.12740926433482377,-0.3755090555626463,0.8379427330250927,0.11451315911887501,0.12001874007075686,False,2026-08-07T15:22:59.963268+00:00
1066704,6958,35.435315,23,0.63,-56.71159812,0.000893912337414804,2.2702514839416836,2.116785357892513,0.0003,647.4813659653744,1441.425265742567,0.14476560160679755,-0.2603581538862517,0.80230575870793,0.12745235684630465,-0.3754778921471884,0.8379426182030433,0.12174682064053152,0.11997705051224575,False,2026-08-07T15:23:07.697851+00:00
1071712,6986,24.011353,20,0.65,-55.742006849999996,0.000893912337414804,2.2702514839416836,2.116785357892513,0.0003,4318.976500163053,214.9324035370312,0.14347786326266593,-0.02647220224954229,0.8007575428328748,0.18255196067221713,-0.08030207446782052,0.8028997195463741,0.06655095155201853,0.18110752433493743,False,2026-08-07T15:23:08.857386+00:00
1076720,7007,-148.981123,600,0.68,-44.01450272999998,0.003017896951496368,0.6515279288811143,2.137221752665937,0.0003,649.982262308394,1420.4695320776857,0.14254251712030225,-0.031699409734048375,0.8015536400970615,0.18255196300389326,-0.08030207361018431,0.8028997195463741,0.06296655164174475,0.18110752547624462,False,2026-08-07T15:23:16.562234+00:00
1081728,7032,35.089986,23,0.69,-38.809159859999994,0.0003415782473894069,1.1732599193870556,2.1257128976285458,0.0003,653.5463493397432,1405.0602546058142,0.14471878283989975,-0.010115757703828165,0.799317467952609,0.18385834034448406,-0.06174437665727734,0.8029055944121244,0.06488677760672498,0.1996860350425256,False,2026-08-07T15:23:24.225032+00:00
1086736,7057,24.53228,20,0.67,-47.214662159999996,0.0003415782473894069,1.1732599193870556,2.1257128976285458,0.0003,4282.195026840838,213.27006226378126,0.14307585980337348,-0.010285830336075184,0.8002794871413621,0.18385834269673829,-0.0617443758595177,0.8029055944121244,0.06571216978409211,0.19968603611561625,False,2026-08-07T15:23:25.394522+00:00
1091744,7082,35.149357,23,0.65,-44.83191972,-0.004199716740549775,1.4454508681665175,2.1015175925567746,0.0003,672.7767292398588,1350.0110222691546,0.14575159827197703,0.024568107668570798,0.8006023056565171,0.14164176248811036,-0.03196875146748187,0.8029022035940311,0.05673267772336498,0.2287690433424986,False,2026-08-07T15:23:32.838296+00:00
1096752,7096,-145.943403,600,0.61,-53.72079257,-0.004199716740549775,1.4454508681665175,2.1015175925567746,0.0003,5180.428833910688,174.3577663083427,0.14452506649475957,0.03286855978322159,0.8018217803769037,0.14164176319029326,-0.03196874908585534,0.8029022035940311,0.0649103795525626,0.22876904566009554,False,2026-08-07T15:23:33.805009+00:00
1101760,7123,35.414477,23,0.61,-51.749658610000004,-0.005731823638780042,1.1228579487709793,2.09674625210464,0.0003,644.6582886450099,1393.3583354492916,0.1438262599196172,0.014280210806927308,0.8006154916540247,0.17893330901066556,-0.03959133650176382,0.8029023364809673,0.06434188499396284,0.2212203632922884,False,2026-08-07T15:23:41.573471+00:00
1106768,7143,35.651998,22,0.61,-46.48725122999999,0.000767954504408408,3.5429973592981696,2.0955547727644444,0.0003,647.3101464096032,1379.9134849877403,0.14460012495312216,0.0008795503731267504,0.7996933102856258,0.17893331062528905,-0.03959133461433967,0.8029023364809673,0.05316914536825478,0.221220365310976,False,2026-08-07T15:23:49.310099+00:00
1111776,7184,35.269272,23,0.61,-48.99085487,0.000767954504408408,3.5429973592981696,2.0955547727644444,0.0003,4921.399502824435,180.4819949061726,0.1449994692868769,0.02921539297015904,0.801157311913087,0.16134153678434038,-0.0261417478604416,0.8028984544264732,0.0577451971014259,0.2338620999963718,False,2026-08-07T15:23:50.327704+00:00
1116784,7208,35.21813,23,0.69,-33.45505394,0.00025622605317039416,2.858429299888667,2.090301328524947,0.0003,666.1828524475386,1325.7861512872737,0.1443625037243354,0.026136450257589462,0.8013852997663836,0.1613415351382848,-0.026141745998681604,0.8028984544264732,0.0549871525775833,0.2338621018486587,False,2026-08-07T15:23:57.845153+00:00
1121792,7239,35.237318,23,0.73,-29.984759630000006,0.00025622605317039416,2.858429299888667,2.090301328524947,0.0003,4204.084709054551,208.8939830609404,0.14012477476100887,-0.24372267401505518,0.8014016410039524,0.1443834243352948,-0.16352230635033682,0.8026890393001721,0.08032367312396563,0.09773342727772173,False,2026-08-07T15:23:59.036386+00:00
1126800,7262,35.610931,22,0.72,-30.969842780000004,0.0015601006354700076,1.1834511962544638,2.091619236767292,0.0003,671.2646271415439,1300.8282645822715,0.14482541489794148,-0.26232228753958653,0.8024347371160149,0.11328214720188265,-0.3854724109202415,0.8378755234113032,0.13197340625612444,0.13388757848360874,False,2026-08-07T15:24:06.496923+00:00
1131808,7271,-164.757199,600,0.67,-47.54395573,0.0007082239557348657,1.0232194821233862,2.106378505937755,0.0003,679.2391407734542,1278.1831138461541,0.14540435425585063,-0.28936519624771856,0.8044734166005888,0.1507644585713645,-0.35235827508228273,0.8028987949935377,0.06324032046516051,0.0928188892502741,False,2026-08-07T15:24:13.869882+00:00
1136816,7298,-9.934633,14,0.61,-57.678442270000005,0.0007082239557348657,1.0232194821233862,2.106378505937755,0.0003,4142.458746542376,208.37479690545663,0.17673650219145742,0.09877097048526659,0.8068314100735797,0.18570770629509592,0.1287575906123187,0.8037570578424929,0.03145046154437254,0.3896066611618058,False,2026-08-07T15:24:15.078828+00:00
1141824,7330,-247.157939,600,0.6,-57.089244099999995,7.498933082388249e-05,2.1983169935527256,2.118250047415495,0.0003,649.8945006372842,1320.4850928242595,0.17709190629349006,0.09986639196755823,0.8067574402925137,0.1855943750553296,0.1289161359833291,0.8038138468284838,0.03041125358990242,0.38975740257585384,False,2026-08-07T15:24:22.784697+00:00
1146832,7356,23.368353,23,0.61,-56.259544609999985,7.498933082388249e-05,2.1983169935527256,2.118250047415495,0.0003,4805.946043179459,177.5234245941662,0.14282500144163393,-0.01848235049168285,0.8008523652606827,0.15667940679810036,-0.07849972403614255,0.8028940173540356,0.06162952229432571,0.1815306489664181,False,2026-08-07T15:24:23.826738+00:00
1151840,7379,24.243018,21,0.65,-44.45116175000001,-0.0016935084513534093,2.3653868039604276,2.106248502805829,0.0003,653.1447910682572,1298.5788321342714,0.0799209235938497,-0.2669330438979847,0.7847298767587427,0.16227370041792585,-0.024193707128241145,0.802871636163927,0.25696982099142823,0.23581725439736634,False,2026-08-07T15:24:31.494257+00:00
1156848,7396,-302.758372,600,0.61,-55.82879316000001,-0.0037054369335237426,2.3592607630882414,2.0893484845757486,0.0003,646.7109831302166,1303.7539519105856,0.1446489904210138,0.03401537946599263,0.8018067812898941,0.16231993841442527,-0.024241952442812915,0.8028934750347028,0.06088809429940792,0.23576946176768446,False,2026-08-07T15:24:39.238055+00:00
1161856,7423,24.326105,20,0.6,-57.404092520000006,-0.0037054369335237426,2.3592607630882414,2.0893484845757486,0.0003,4634.490866853016,180.84920740584596,0.14451615374168786,0.0039569553362593796,0.8242995126742108,0.17799156397484533,0.06631344395312212,0.8029040647864358,0.07393713514345555,0.3268090575225973,False,2026-08-07T15:24:40.318650+00:00
1166864,7452,23.329844,21,0.63,-53.37824211,-0.0020993477293814065,1.9249770328809972,2.078535829298198,0.0003,662.7203661875935,1257.1456114933515,0.1777208471141083,0.1018433658297083,0.8068980181843174,0.1874767464934136,0.12598915203078812,0.8294646713564573,0.03445940219097015,0.38696588620098044,False,2026-08-07T15:24:47.875380+00:00
1171872,7461,-148.928138,600,0.57,-62.72466946,-8.438398435828276e-05,1.6884960583702195,2.110301372408867,0.0003,642.874048213883,1288.1652359444495,0.1477908006416952,0.04508807554892625,0.8021089027295711,0.14067148709613084,0.08359471237223141,0.8029766287336937,0.03916884799455057,0.34413793423746747,False,2026-08-07T15:24:55.665398+00:00
1176880,7495,24.027899,21,0.62,-53.45366004,-8.438398435828276e-05,1.6884960583702195,2.110301372408867,0.0003,4125.7472293952505,199.5081022258003,0.17706129354176856,0.09984154059060903,0.8069177084566721,0.13788844985707868,0.10791558559055549,0.8028910906531863,0.04019845190976459,0.3685794334606372,False,2026-08-07T15:24:56.879238+00:00
1181888,7512,35.621291,23,0.63,-52.36985978,-0.0018678821918001632,3.911885538022034,2.118699559941888,0.0003,681.3400873072354,1200.7395649260989,0.14527278766735577,-0.2813806894595149,0.8038029369026851,0.11718499630795864,-0.34546007534439127,0.8379147022802741,0.07783767889658322,0.09558529708599825,False,2026-08-07T15:25:04.229462+00:00
1186896,7527,34.96054,24,0.57,-64.58890553,-0.0018678821918001632,3.911885538022034,2.118699559941888,0.0003,5034.316017792247,161.5123081519581,0.1446914662824173,-0.2580463943776432,0.8021552383540969,0.11756224294544594,-0.3454599609983456,0.8379115766546514,0.09826312694435768,0.09541681276200804,False,2026-08-07T15:25:05.224239+00:00
1191904,7541,-145.889428,600,0.53,-74.10726190999999,0.002050662764668232,3.908470449328888,2.1015805734321473,0.0003,649.2788048638646,1244.6055437916764,0.14389749066524404,-0.00893541138861155,0.7996546117605,0.1681565860230979,-0.06284404861193123,0.80290083043806,0.05920458437114034,0.19732460328931803,False,2026-08-07T15:25:12.937409+00:00
1196912,7567,23.72032,24,0.6,-62.30381980999999,0.0011602249545831001,0.7555292389937677,2.0857159361243247,0.0003,662.1500584647586,1212.848945240624,0.14333004492396179,-0.0018099931982202735,0.7997851026638905,0.168156585902785,-0.0628440461301953,0.80290083043806,0.0659637818339659,0.1973246057639596,False,2026-08-07T15:25:20.500652+00:00
1201920,7593,35.217673,23,0.61,-60.276273729999986,0.0011602249545831001,0.7555292389937677,2.0857159361243247,0.0003,243.85706077345705,3272.736895411921,0.1769913322044658,0.09978312671343553,0.8068553349947807,0.1383666942481026,0.11217321290371818,0.8029009712848885,0.04075553809499855,0.372801422101407,False,2026-08-07T15:25:41.037278+00:00
1206928,7621,23.949602,21,0.65,-54.198937040000004,-0.002926739650865784,0.8484325722092763,2.059111146442592,0.0003,654.9927681944996,1210.8103150300706,0.17813612318259053,0.10308779292286599,0.8068541066216214,0.1383742767846174,0.11265062668315844,0.8029002569186565,0.041086313365604296,0.37327759304830915,False,2026-08-07T15:25:48.683164+00:00
1211936,7645,-255.133791,600,0.7,-40.454351730000006,-0.002926739650865784,0.8484325722092763,2.059111146442592,0.0003,4346.769006001645,181.29879892672213,0.1760208597728148,0.09649758454989055,0.8070833901153053,0.18664876087826038,0.045386330236686236,0.8029021141150323,0.052371706754378716,0.30654684332378485,False,2026-08-07T15:25:49.835307+00:00
1216944,7659,24.47186,21,0.67,-45.02946901,0.003469145180497435,1.4190608058095677,2.080328188277781,0.0003,660.1523411863893,1186.174692030532,0.17742420355563732,0.10128874069757399,0.8067192796626033,0.18664876084933063,0.04538632173880714,0.8029021291073802,0.056786825418114056,0.3065468348555618,False,2026-08-07T15:25:57.421412+00:00
1221952,7685,35.416948,22,0.62,-50.94413431,-0.0002426960003504064,1.5571035644155926,2.0842751624062656,0.0003,660.0295600441735,1178.8078096804147,0.0850928982708719,-0.25815781737737303,0.799573645906597,0.14619173209779818,-0.014353715495882389,0.8028834037816099,0.25136519664910223,0.2460340735612384,False,2026-08-07T15:26:05.008951+00:00
1226960,7701,-155.131604,600,0.63,-50.877801959999985,-0.0002426960003504064,1.5571035644155926,2.0842751624062656,0.0003,4335.553171072829,178.30250708439863,0.16087555163504713,0.06459221305080928,0.8045928276717591,0.14612577838372162,-0.01444040717701642,0.8028834037799867,0.0804153778893254,0.24595123023243268,False,2026-08-07T15:26:06.164066+00:00
1231968,7714,35.150542,23,0.56,-66.78128767,0.003769312915756018,1.6384147922392003,2.0823373226448894,0.0003,753.0284302089055,1019.9243072229453,0.08507608722209618,-0.22784454096142653,0.8207499922925019,0.14897543359496038,-0.06864359554764284,0.8028791814982136,0.1724744426457644,0.19167371908885483,False,2026-08-07T15:26:12.814532+00:00
1236976,7728,-10.728238,15,0.5,-80.12254312,0.003769312915756018,1.6384147922392003,2.0823373226448894,0.0003,4857.019479804767,157.09716692976298,0.1432254707359171,-0.004845301875991494,0.7999366685869309,0.14897543510745737,-0.06864359751299587,0.8028791814979919,0.06412443371050035,0.19167371703976058,False,2026-08-07T15:26:13.845631+00:00
1241984,7751,35.297224,22,0.52,-77.81257620000001,-0.002769691599678481,1.262215974458377,2.0931969532743095,0.0003,645.8053005838699,1173.7531409461658,0.14535362551838435,-0.24900382243075433,0.8011358883733587,0.14434247955740456,-0.16766736904309185,0.8028920782191048,0.08136169411100104,0.09365080184298953,False,2026-08-07T15:26:21.600284+00:00
1246992,7769,-252.125426,600,0.54,-74.19744967,-0.003354799591033952,0.5635103891370818,2.102974352054298,0.0003,654.5745195625469,1150.3778064921262,0.17316343054572073,0.08732289379995489,0.8073958905047529,0.18145839540880448,0.0006507906492600819,0.8029037481270399,0.08718393917337137,0.2615325933791141,False,2026-08-07T15:26:29.251059+00:00
1252000,7796,-160.858434,600,0.52,-77.99520543,-0.003354799591033952,0.5635103891370818,2.102974352054298,0.0003,4642.188009163676,161.13091467287592,0.08647091889735718,-0.26981071578126037,0.7579710707976444,0.17072063589675124,0.07400517646728132,0.7984808808195445,0.35629822801292355,0.33417718345358416,False,2026-08-07T15:26:30.329866+00:00
1257008,7823,24.271621,20,0.65,-45.13688510000001,-0.00714686507199076,2.1424533958663234,2.113269066438079,0.0003,662.5831469348391,1121.3566228436966,0.17711679713874526,0.10001252029215507,0.8069123058341747,0.18735243634352472,0.12537281641079098,0.8282820061604077,0.03470701688691092,0.3863422878773586,False,2026-08-07T15:26:37.888149+00:00
1262016,7841,-148.599851,600,0.63,-52.64137301000001,-0.0019324667264299933,0.25214584462955825,2.0866081742569804,0.0003,638.1175738627968,1156.5016075841154,0.14629176449170161,-0.28438393395063555,0.8211954310066754,0.14429596522392873,-0.28654715788587315,0.8334040249740943,0.012558364510258694,0.030844258786126347,True,2026-08-07T15:26:45.736236+00:00
1267024,7864,-165.955275,600,0.63,-48.20112537999999,-0.0019324667264299933,0.25214584462955825,2.0866081742569804,0.0003,5131.000521281424,142.85245089332898,0.17610383434446875,0.09727165416784019,0.806859088217105,0.1879573018080365,0.12799821041811563,0.8032204746699774,0.033134052852866344,0.38900414138161304,False,2026-08-07T15:26:46.712276+00:00
1272032,7884,-151.99455,600,0.63,-49.73520948000001,-0.004529956908299937,1.5931896663969383,2.0613092919811606,0.0003,720.2026898626542,1010.7821176547211,0.17637783936177184,0.09857345531186709,0.8067665763375296,0.1881730951574936,0.1281706028970738,0.8033334777349463,0.0320453642588452,0.3891916497616964,False,2026-08-07T15:26:53.665862+00:00
1277040,7905,-140.792248,600,0.63,-47.617808069999995,-0.004529956908299937,1.5931896663969383,2.0613092919811606,0.0003,4437.213062365384,162.93109883134738,0.1435807964451006,0.008353257367720902,0.8002620630617439,0.15853126446131652,-0.050913131097334696,0.8029029180832805,0.06118002460639865,0.2090920274223839,False,2026-08-07T15:26:54.794509+00:00
1282048,7934,-142.7411,600,0.62,-46.79988971000001,-0.0020878283055935755,0.9015361346653663,2.05657391641289,0.0003,812.719156053442,883.3949521829526,0.14356213375570975,0.00767669785773451,0.8002208760585103,0.15853126210797858,-0.05091313030532745,0.8029029180832805,0.06053128213763905,0.20909202823090228,False,2026-08-07T15:27:00.956553+00:00
1287056,7948,20.553002,22,0.62,-49.70395949000001,-0.0006347650945826899,1.2052271476306486,2.025490534119308,0.0003,680.5010125838625,1047.675149362308,0.17625966212710448,0.09844654566954672,0.8068416950344147,0.18217267761875555,0.05564700723547872,0.8028880025377466,0.043386586944953155,0.3164248106730881,False,2026-08-07T15:27:08.315825+00:00
1292064,7972,23.630682,21,0.59,-57.24487247,-0.0006347650945826899,1.2052271476306486,2.025490534119308,0.0003,4336.3282757122915,163.2570126125226,0.17693680667347383,0.09939181499169619,0.806973999115609,0.18213861378640567,0.054744683422844095,0.8028880025377463,0.04513447155557317,0.31552231927920726,False,2026-08-07T15:27:09.470713+00:00
1297072,7992,-298.059413,600,0.61,-58.53600367,-0.002679458234706544,1.8015376426279546,2.0262880008667707,0.0003,652.5462161229759,1077.2079932918182,0.145423611559335,-0.2669936048920518,0.8024028779003274,0.12537559623714226,-0.3679992475171063,0.8378273427801827,0.10889883136417579,0.11341378575902747,False,2026-08-07T15:27:17.145273+00:00
1302080,8014,-9.846507,14,0.6,-59.92902915000003,-0.002679458234706544,1.8015376426279546,2.0262880008667707,0.0003,4637.571778229255,150.49254941483275,0.14355883789916196,0.006595686730382751,0.8000960116392116,0.17593567179095,-0.04799598392946785,0.8029037574143205,0.06353261614814605,0.21260208951339904,False,2026-08-07T15:27:18.225140+00:00
1307088,8035,-143.633404,600,0.59,-64.42273245999999,-0.0015878250316745835,2.5416631938656793,2.0454729072749616,0.0003,664.094431395858,1043.3937814289009,0.1435457224907074,0.005564142047282983,0.8000111701314974,0.17593567318170197,-0.04799598598704979,0.8029037574143205,0.06265910374405245,0.21260208756584967,False,2026-08-07T15:27:25.766237+00:00
1312096,8051,35.203839,23,0.58,-65.48726635,0.005610142170189647,1.1703529096499552,2.070933018438518,0.0003,634.3401402223466,1084.4402811382524,0.1777367765499856,0.10169881544323338,0.8069744677821289,0.2456799264717904,0.13558319751522427,0.7928936938797014,0.07721846387612735,0.40475562498448414,False,2026-08-07T15:27:33.661056+00:00
1317104,8070,-176.358347,600,0.57,-70.78422209,0.005610142170189647,1.1703529096499552,2.070933018438518,0.0003,4955.447004743104,137.80714420845715,0.17730908105549903,0.10093147638494851,0.8069625094509285,0.24567992431638416,0.13558319627747797,0.7928936938797014,0.0779310302209078,0.40475562331852405,False,2026-08-07T15:27:34.671672+00:00
1322112,8094,24.097382,21,0.58,-62.30711997,-0.0016948912081716117,1.5398343170294537,2.0860739316791297,0.0003,696.1731602052989,973.7347527159669,0.16312706306872213,0.06813192685950933,0.8048754603963391,0.18650674688320143,0.02586537367110173,0.8029052239091309,0.04834204138748219,0.2870916569572316,False,2026-08-07T15:27:41.865278+00:00
1327120,8112,35.160974,23,0.56,-63.90356548999999,-0.003433914108609315,1.5571809369954281,2.0839379670098426,0.0003,649.9984939769289,1035.2023985210699,0.17656659158355592,0.09902414473599598,0.8067036915969857,0.18650674693968486,0.025865371188115712,0.8029052239091309,0.07392862228061389,0.2870916544900664,False,2026-08-07T15:27:49.569915+00:00
1332128,8135,35.320552,23,0.55,-66.40608334,-0.003433914108609315,1.5571809369954281,2.0839379670098426,0.0003,4876.7987399539,136.94885428187948,0.0850928982708719,-0.25815781737737303,0.799573645906597,0.17794440528534325,0.0320679689740521,0.8029069050137179,0.3047351637642704,0.29261869417669223,False,2026-08-07T15:27:50.596814+00:00
1337136,8154,-272.853504,600,0.56,-59.171456799999994,-0.002210310610826127,1.5791005129227416,2.0941787408664823,0.0003,658.639738697329,1006.4136143850443,0.17717922850435452,0.10014787717888331,0.806804246812776,0.13893919722470605,0.11958238234992817,0.8029069050136307,0.04307190797505061,0.3801662036583301,False,2026-08-07T15:27:58.200365+00:00
1342144,8180,23.979525,22,0.56,-61.776784850000006,-0.002210310610826127,1.5791005129227416,2.0941787408664823,0.0003,4190.719127647197,156.9792629766007,0.14200448444998293,-0.030532329570419778,0.8615761721081088,0.1543390791478295,0.12083815032034682,0.8028811738384832,0.16281973845511627,0.3808802210200966,False,2026-08-07T15:27:59.395390+00:00
1347152,8194,-151.685905,600,0.53,-72.01448976,0.0006735017916071229,2.202186316618463,2.1001406226307155,0.0003,636.6055672558291,1025.5141229979909,0.17638572050582307,0.09907911949159394,0.8067678245409279,0.14704922569801457,0.12186711951981116,0.8028811738384837,0.03735008603172707,0.38208666494053245,False,2026-08-07T15:28:07.262114+00:00
1352160,8212,20.21247,23,0.55,-72.74009628999998,0.0019051256225793623,0.8240416299027856,2.1248164430260656,0.0003,693.44810996196,934.2299599540881,0.14556553201772757,-0.29664011638810917,0.8051369643726802,0.1433602571971642,-0.3623077451374518,0.8218644898348044,0.0678005222006565,0.10365208997243767,False,2026-08-07T15:28:14.483997+00:00
1357168,8226,35.587881,23,0.54,-75.23041241000001,0.0019051256225793623,0.8240416299027856,2.1248164430260656,0.0003,4319.736804849769,148.81277009244926,0.1770217459389559,0.10014305038250207,0.8069599081859204,0.18738243920856004,0.12516962971118656,0.8286351632332581,0.03469135799142053,0.38614173774517446,False,2026-08-07T15:28:15.643332+00:00
1362176,8254,24.699713,20,0.57,-78.74170188,-0.001497787939661066,0.7795300856581889,2.130694631487131,0.0003,656.382566840789,971.725990636661,0.15991426202881048,-0.22905227753737706,0.8018980738757832,0.1441403259042734,-0.16349942155911423,0.8019336661693849,0.06742399613327,0.09779514763958491,False,2026-08-07T15:28:23.273035+00:00
1367184,8281,-155.986527,600,0.6,-63.927520319999985,-0.001497787939661066,0.7795300856581889,2.130694631487131,0.0003,4903.571092541182,129.05207002353364,0.17675035000772235,0.09886942041012378,0.8069734338040774,0.18684575911442391,0.12463449350620838,0.8274185299513287,0.034405787785612554,0.3855702119941414,False,2026-08-07T15:28:24.294327+00:00
1372192,8300,-11.199648,16,0.6,-58.50859446999999,-0.0036984880949603393,1.7827004175167531,2.1074608311057093,0.0003,658.3626993608749,953.5898686384621,0.17729713071393335,0.10101791400312828,0.8068457886907437,0.18752882359295045,0.12530046117840407,0.8289597633548357,0.03439996383623278,0.3862826445916289,False,2026-08-07T15:28:31.901071+00:00
1377200,8333,-253.939356,600,0.67,-35.86529211999999,-1.438795734429732e-05,2.967375561071094,2.101118140108883,0.0003,634.8624169007181,980.9999512026485,0.16329934475697985,0.06773279565038573,0.8045599679027057,0.18421883063949424,0.010129221821782192,0.8028926410970858,0.06130723110769916,0.2712127361308575,False,2026-08-07T15:28:39.789397+00:00
1382208,8345,-137.055486,600,0.63,-43.127361840000006,-1.438795734429732e-05,2.967375561071094,2.101118140108883,0.0003,4619.180014777805,133.74494997457194,0.16667828784577451,0.07363691664795641,0.8057834871916396,0.18421883025210425,0.010129219368578158,0.8028926410970858,0.06594888348395138,0.27121273365286086,False,2026-08-07T15:28:40.873589+00:00
1387216,8371,23.370602,25,0.6,-55.809662360000004,0.0012457826884201494,1.0389240973978304,2.1070416087284682,0.0003,681.0088502306198,899.8179682870261,0.16882707038014075,0.0787956329436929,0.80637205219797,0.18573659813292165,0.021704151537492358,0.8029069960045225,0.0596437422736062,0.28287736119547274,False,2026-08-07T15:28:48.227373+00:00
1392224,8387,24.170637,21,0.58,-62.6732082,0.0012457826884201494,1.0389240973978304,2.1070416087284682,0.0003,4415.466128418243,137.6470756028026,0.16774521252851365,0.075953997915325,0.8059844416582012,0.18573659579405621,0.021704152374656203,0.8029069960045225,0.05723815409973852,0.2828773618163712,False,2026-08-07T15:28:49.361573+00:00
1397232,8421,35.308519,22,0.59,-64.10284807,-0.004514533149631461,1.5011997810710453,2.0699833089485766,0.0003,638.2378836185775,944.4252926236906,0.1747767158946233,0.09341652623634605,0.8070680875901084,0.14536205137305033,0.05232272341431621,0.8029019765793062,0.050707786386775734,0.3126655611047381,False,2026-08-07T15:28:57.208170+00:00
1402240,8432,-139.319501,600,0.57,-71.88231067,-0.0022011191904312,1.553656581864925,2.0439419386908413,0.0003,273.84101106670977,2182.8724546097337,0.17772776477975563,0.10179833106633648,0.8068829197739915,0.14536205225128132,0.05232272109070397,0.8029019765793062,0.059255575591298223,0.31266555874255786,False,2026-08-07T15:29:15.496155+00:00
1407248,8448,35.592989,23,0.56,-71.41520698000001,-0.0022011191904312,1.553656581864925,2.0439419386908413,0.0003,4255.19371485502,139.30082617171658,0.1453899178049762,0.040158709499977796,0.8019150630395536,0.1380324084444416,-0.02105515456648342,0.8028979923204018,0.06166227572761725,0.23995252496691713,False,2026-08-07T15:29:16.673073+00:00
1412256,8471,-149.617808,600,0.55,-66.8984786,-0.0042899353182292545,0.37487445967854,2.02947409581393,0.0003,647.351301868011,907.9212450859266,0.16686331129805898,-0.21555844334430757,0.8010911548568407,0.13583801751629127,-0.17176147351748786,0.8226647310101761,0.05784602499999559,0.09148682393300166,False,2026-08-07T15:29:24.409212+00:00
1417264,8497,19.202117,22,0.59,-57.51761848000001,-0.0010617219468258554,2.384520281618461,2.0255276398733257,0.0003,660.2041515614661,882.6603083633386,0.14315067581692398,-0.012300700554401748,0.8001744747563238,0.1344026550560636,-0.08117250313681076,0.8029076920228649,0.06947894310371225,0.18065020814417246,False,2026-08-07T15:29:31.994741+00:00
1422272,8516,34.750865,22,0.56,-66.90612654,-0.0010617219468258554,2.384520281618461,2.0255276398733257,0.0003,4187.765633488768,137.95614429327628,0.1429319370447151,-0.01636101303282724,0.8006654071166768,0.13440265257635772,-0.08117250329262397,0.8029076920228649,0.06540875938923173,0.18065020834129483,False,2026-08-07T15:29:33.190619+00:00
1427280,8533,35.13719,23,0.56,-69.98105463,-0.0016742456889915047,1.6337594715354498,2.0459134412929414,0.0003,646.582681255753,885.7645226248537,0.17676115346366386,0.09942689905418231,0.806736698983395,0.18828481755713738,0.12832937013492002,0.803471825589442,0.03128589245955168,0.3893581007422656,False,2026-08-07T15:29:40.935943+00:00
1432288,8552,-236.15311,600,0.57,-71.44181988,-0.0016742456889915047,1.6337594715354498,2.0459134412929414,0.0003,4792.075190940877,118.46892575334054,0.14550721560260266,-0.29709315642785117,0.8051586406248461,0.1461861088297674,-0.3464127421645663,0.8028874295947939,0.049376521068197135,0.08750991713893257,False,2026-08-07T15:29:41.981007+00:00
